-- MySQL dump 10.13  Distrib 8.0.38, for Win64 (x86_64)
--
-- Host: localhost    Database: buocchancoi_db
-- ------------------------------------------------------
-- Server version	8.0.39

/*!40101 SET @OLD_CHARACTER_SET_CLIENT=@@CHARACTER_SET_CLIENT */;
/*!40101 SET @OLD_CHARACTER_SET_RESULTS=@@CHARACTER_SET_RESULTS */;
/*!40101 SET @OLD_COLLATION_CONNECTION=@@COLLATION_CONNECTION */;
/*!50503 SET NAMES utf8 */;
/*!40103 SET @OLD_TIME_ZONE=@@TIME_ZONE */;
/*!40103 SET TIME_ZONE='+00:00' */;
/*!40014 SET @OLD_UNIQUE_CHECKS=@@UNIQUE_CHECKS, UNIQUE_CHECKS=0 */;
/*!40014 SET @OLD_FOREIGN_KEY_CHECKS=@@FOREIGN_KEY_CHECKS, FOREIGN_KEY_CHECKS=0 */;
/*!40101 SET @OLD_SQL_MODE=@@SQL_MODE, SQL_MODE='NO_AUTO_VALUE_ON_ZERO' */;
/*!40111 SET @OLD_SQL_NOTES=@@SQL_NOTES, SQL_NOTES=0 */;

--
-- Table structure for table `auth_group`
--

DROP TABLE IF EXISTS `auth_group`;
/*!40101 SET @saved_cs_client     = @@character_set_client */;
/*!50503 SET character_set_client = utf8mb4 */;
CREATE TABLE `auth_group` (
  `id` int NOT NULL AUTO_INCREMENT,
  `name` varchar(150) NOT NULL,
  PRIMARY KEY (`id`),
  UNIQUE KEY `name` (`name`)
) ENGINE=InnoDB AUTO_INCREMENT=4 DEFAULT CHARSET=utf8mb4 COLLATE=utf8mb4_0900_ai_ci;
/*!40101 SET character_set_client = @saved_cs_client */;

--
-- Dumping data for table `auth_group`
--

LOCK TABLES `auth_group` WRITE;
/*!40000 ALTER TABLE `auth_group` DISABLE KEYS */;
INSERT INTO `auth_group` VALUES (1,'Admin'),(2,'Partner'),(3,'User');
/*!40000 ALTER TABLE `auth_group` ENABLE KEYS */;
UNLOCK TABLES;

--
-- Table structure for table `auth_group_permissions`
--

DROP TABLE IF EXISTS `auth_group_permissions`;
/*!40101 SET @saved_cs_client     = @@character_set_client */;
/*!50503 SET character_set_client = utf8mb4 */;
CREATE TABLE `auth_group_permissions` (
  `id` bigint NOT NULL AUTO_INCREMENT,
  `group_id` int NOT NULL,
  `permission_id` int NOT NULL,
  PRIMARY KEY (`id`),
  UNIQUE KEY `auth_group_permissions_group_id_permission_id_0cd325b0_uniq` (`group_id`,`permission_id`),
  KEY `auth_group_permissio_permission_id_84c5c92e_fk_auth_perm` (`permission_id`),
  CONSTRAINT `auth_group_permissio_permission_id_84c5c92e_fk_auth_perm` FOREIGN KEY (`permission_id`) REFERENCES `auth_permission` (`id`),
  CONSTRAINT `auth_group_permissions_group_id_b120cbf9_fk_auth_group_id` FOREIGN KEY (`group_id`) REFERENCES `auth_group` (`id`)
) ENGINE=InnoDB DEFAULT CHARSET=utf8mb4 COLLATE=utf8mb4_0900_ai_ci;
/*!40101 SET character_set_client = @saved_cs_client */;

--
-- Dumping data for table `auth_group_permissions`
--

LOCK TABLES `auth_group_permissions` WRITE;
/*!40000 ALTER TABLE `auth_group_permissions` DISABLE KEYS */;
/*!40000 ALTER TABLE `auth_group_permissions` ENABLE KEYS */;
UNLOCK TABLES;

--
-- Table structure for table `auth_permission`
--

DROP TABLE IF EXISTS `auth_permission`;
/*!40101 SET @saved_cs_client     = @@character_set_client */;
/*!50503 SET character_set_client = utf8mb4 */;
CREATE TABLE `auth_permission` (
  `id` int NOT NULL AUTO_INCREMENT,
  `name` varchar(255) NOT NULL,
  `content_type_id` int NOT NULL,
  `codename` varchar(100) NOT NULL,
  PRIMARY KEY (`id`),
  UNIQUE KEY `auth_permission_content_type_id_codename_01ab375a_uniq` (`content_type_id`,`codename`),
  CONSTRAINT `auth_permission_content_type_id_2f476e4b_fk_django_co` FOREIGN KEY (`content_type_id`) REFERENCES `django_content_type` (`id`)
) ENGINE=InnoDB AUTO_INCREMENT=85 DEFAULT CHARSET=utf8mb4 COLLATE=utf8mb4_0900_ai_ci;
/*!40101 SET character_set_client = @saved_cs_client */;

--
-- Dumping data for table `auth_permission`
--

LOCK TABLES `auth_permission` WRITE;
/*!40000 ALTER TABLE `auth_permission` DISABLE KEYS */;
INSERT INTO `auth_permission` VALUES (1,'Can add log entry',1,'add_logentry'),(2,'Can change log entry',1,'change_logentry'),(3,'Can delete log entry',1,'delete_logentry'),(4,'Can view log entry',1,'view_logentry'),(5,'Can add permission',2,'add_permission'),(6,'Can change permission',2,'change_permission'),(7,'Can delete permission',2,'delete_permission'),(8,'Can view permission',2,'view_permission'),(9,'Can add group',3,'add_group'),(10,'Can change group',3,'change_group'),(11,'Can delete group',3,'delete_group'),(12,'Can view group',3,'view_group'),(13,'Can add content type',4,'add_contenttype'),(14,'Can change content type',4,'change_contenttype'),(15,'Can delete content type',4,'delete_contenttype'),(16,'Can view content type',4,'view_contenttype'),(17,'Can add session',5,'add_session'),(18,'Can change session',5,'change_session'),(19,'Can delete session',5,'delete_session'),(20,'Can view session',5,'view_session'),(21,'Can add Blacklisted Token',6,'add_blacklistedtoken'),(22,'Can change Blacklisted Token',6,'change_blacklistedtoken'),(23,'Can delete Blacklisted Token',6,'delete_blacklistedtoken'),(24,'Can view Blacklisted Token',6,'view_blacklistedtoken'),(25,'Can add Outstanding Token',7,'add_outstandingtoken'),(26,'Can change Outstanding Token',7,'change_outstandingtoken'),(27,'Can delete Outstanding Token',7,'delete_outstandingtoken'),(28,'Can view Outstanding Token',7,'view_outstandingtoken'),(29,'Can add Người dùng',8,'add_user'),(30,'Can change Người dùng',8,'change_user'),(31,'Can delete Người dùng',8,'delete_user'),(32,'Can view Người dùng',8,'view_user'),(33,'Can add Media',9,'add_media'),(34,'Can change Media',9,'change_media'),(35,'Can delete Media',9,'delete_media'),(36,'Can view Media',9,'view_media'),(37,'Can add Điểm tham quan',10,'add_poi'),(38,'Can change Điểm tham quan',10,'change_poi'),(39,'Can delete Điểm tham quan',10,'delete_poi'),(40,'Can view Điểm tham quan',10,'view_poi'),(41,'Can add Vết di chuyển',11,'add_breadcrumblog'),(42,'Can change Vết di chuyển',11,'change_breadcrumblog'),(43,'Can delete Vết di chuyển',11,'delete_breadcrumblog'),(44,'Can view Vết di chuyển',11,'view_breadcrumblog'),(45,'Can add Lịch sử nghe',12,'add_narrationlog'),(46,'Can change Lịch sử nghe',12,'change_narrationlog'),(47,'Can delete Lịch sử nghe',12,'delete_narrationlog'),(48,'Can view Lịch sử nghe',12,'view_narrationlog'),(49,'Can add Đối tác',13,'add_partner'),(50,'Can change Đối tác',13,'change_partner'),(51,'Can delete Đối tác',13,'delete_partner'),(52,'Can view Đối tác',13,'view_partner'),(53,'Can add File âm thanh',14,'add_media'),(54,'Can change File âm thanh',14,'change_media'),(55,'Can delete File âm thanh',14,'delete_media'),(56,'Can view File âm thanh',14,'view_media'),(57,'Can add Tương tác Partner',15,'add_partnerinteraction'),(58,'Can change Tương tác Partner',15,'change_partnerinteraction'),(59,'Can delete Tương tác Partner',15,'delete_partnerinteraction'),(60,'Can view Tương tác Partner',15,'view_partnerinteraction'),(61,'Can add File giới thiệu Partner',16,'add_partnerintromedia'),(62,'Can change File giới thiệu Partner',16,'change_partnerintromedia'),(63,'Can delete File giới thiệu Partner',16,'delete_partnerintromedia'),(64,'Can view File giới thiệu Partner',16,'view_partnerintromedia'),(65,'Can add Tour',17,'add_tour'),(66,'Can change Tour',17,'change_tour'),(67,'Can delete Tour',17,'delete_tour'),(68,'Can view Tour',17,'view_tour'),(69,'Can add Điểm tham quan của Tour',18,'add_tour_poi'),(70,'Can change Điểm tham quan của Tour',18,'change_tour_poi'),(71,'Can delete Điểm tham quan của Tour',18,'delete_tour_poi'),(72,'Can view Điểm tham quan của Tour',18,'view_tour_poi'),(73,'Can add invoice',19,'add_invoice'),(74,'Can change invoice',19,'change_invoice'),(75,'Can delete invoice',19,'delete_invoice'),(76,'Can view invoice',19,'view_invoice'),(77,'Can add Đánh giá Tour',20,'add_tourreview'),(78,'Can change Đánh giá Tour',20,'change_tourreview'),(79,'Can delete Đánh giá Tour',20,'delete_tourreview'),(80,'Can view Đánh giá Tour',20,'view_tourreview'),(81,'Can add Mua Tour Premium',21,'add_tourpurchase'),(82,'Can change Mua Tour Premium',21,'change_tourpurchase'),(83,'Can delete Mua Tour Premium',21,'delete_tourpurchase'),(84,'Can view Mua Tour Premium',21,'view_tourpurchase');
/*!40000 ALTER TABLE `auth_permission` ENABLE KEYS */;
UNLOCK TABLES;

--
-- Table structure for table `breadcrumb_logs`
--

DROP TABLE IF EXISTS `breadcrumb_logs`;
/*!40101 SET @saved_cs_client     = @@character_set_client */;
/*!50503 SET character_set_client = utf8mb4 */;
CREATE TABLE `breadcrumb_logs` (
  `id` bigint NOT NULL AUTO_INCREMENT,
  `lat` double NOT NULL,
  `long` double NOT NULL,
  `timestamp` datetime(6) NOT NULL,
  `status` int NOT NULL,
  `user_id` bigint DEFAULT NULL,
  PRIMARY KEY (`id`),
  KEY `breadcrumb_user_ts_idx` (`user_id`,`timestamp`),
  CONSTRAINT `breadcrumb_logs_user_id_8b958168_fk_users_id` FOREIGN KEY (`user_id`) REFERENCES `users` (`id`)
) ENGINE=InnoDB AUTO_INCREMENT=602 DEFAULT CHARSET=utf8mb4 COLLATE=utf8mb4_0900_ai_ci;
/*!40101 SET character_set_client = @saved_cs_client */;

--
-- Dumping data for table `breadcrumb_logs`
--

LOCK TABLES `breadcrumb_logs` WRITE;
/*!40000 ALTER TABLE `breadcrumb_logs` DISABLE KEYS */;
INSERT INTO `breadcrumb_logs` VALUES (1,10.759321437601415,106.68181590851279,'2026-03-21 06:38:25.734000',1,NULL),(2,10.759481160015907,106.68176764417339,'2026-03-21 06:45:28.741000',1,NULL),(3,10.759371686514594,106.68180242305165,'2026-03-21 06:48:04.283000',1,NULL),(4,10.759485207439198,106.68174437052932,'2026-03-21 06:53:34.877000',1,NULL),(5,10.754991763318907,106.70354247093202,'2026-03-21 06:53:35.367000',1,NULL),(6,10.755866361466103,106.70444369316102,'2026-03-21 06:53:40.160000',1,NULL),(7,10.759320429778484,106.68184013851183,'2026-03-21 06:55:48.272000',1,NULL),(8,10.75564507783718,106.70433640480043,'2026-03-21 06:56:05.579000',1,NULL),(9,10.759310301230451,106.68183927045173,'2026-03-21 06:56:07.596000',1,NULL),(10,10.759310301230451,106.68183927045173,'2026-03-21 06:56:18.328000',1,NULL),(11,10.759310301230451,106.68183927045173,'2026-03-21 06:56:23.804000',1,NULL),(12,10.759310301230451,106.68183927045173,'2026-03-21 06:56:27.348000',1,NULL),(13,10.754401671570053,106.70308113098146,'2026-03-21 06:57:56.338000',1,NULL),(14,10.759308743710514,106.68183896421672,'2026-03-21 06:59:06.101000',1,NULL),(15,10.7765,106.701,'2026-03-21 06:59:30.010000',1,NULL),(16,10.759289281104172,106.68185687854569,'2026-03-21 06:59:36.969000',1,NULL),(17,10.759346510130912,106.68180805486038,'2026-03-21 07:00:12.031000',1,NULL),(18,10.756025109399681,106.70477329938818,'2026-03-21 07:00:13.540000',1,NULL),(19,10.759354236921157,106.68179469734676,'2026-03-21 07:00:33.419000',1,NULL),(20,10.754845395053964,106.70343518257143,'2026-03-21 07:00:35.035000',1,NULL),(21,10.759328768652718,106.68180477863771,'2026-03-21 07:01:24.890000',1,NULL),(22,10.759321352039562,106.68182298185539,'2026-03-21 07:03:03.660000',1,NULL),(23,10.754443821018988,106.70298457145692,'2026-03-21 07:03:06.244000',1,NULL),(24,10.759330500558145,106.68182669112724,'2026-03-21 07:04:47.530000',1,NULL),(25,10.759330500558145,106.68182669112724,'2026-03-21 07:04:55.780000',1,NULL),(26,10.759335746264068,106.68181263091545,'2026-03-21 07:05:00.280000',1,NULL),(27,10.759498653264542,106.681777096602,'2026-03-21 07:09:24.681000',1,NULL),(28,10.759330500558145,106.68182669112724,'2026-03-21 07:09:55.240000',1,NULL),(29,10.759447091385594,106.68180175721663,'2026-03-21 07:22:51.628000',1,NULL),(30,10.756619647921234,106.70332789421083,'2026-03-21 07:23:09.740000',1,NULL),(31,10.755613572014706,106.70332789421083,'2026-03-21 07:23:20.312000',1,NULL),(32,10.755845392979465,106.70594573020935,'2026-03-21 07:23:31.629000',1,NULL),(33,10.757130942368397,106.70292019844057,'2026-03-21 07:23:32.691000',1,NULL),(34,10.759354779636977,106.68181045184173,'2026-03-21 07:23:37.137000',1,NULL),(35,10.759347772603247,106.68179064324259,'2026-03-21 07:28:42.504000',1,NULL),(36,10.759317221529063,106.68182556961015,'2026-03-21 07:30:20.006000',1,NULL),(37,10.75932212657191,106.68182164265748,'2026-03-21 07:34:25.223000',1,NULL),(38,10.759353752659774,106.68180862201238,'2026-03-21 07:36:07.741000',1,NULL),(39,10.759362710542192,106.68179215283718,'2026-03-21 07:52:08.269000',1,NULL),(40,10.759312296653409,106.68182873958993,'2026-03-21 07:53:50.386000',1,NULL),(41,10.759359225218667,106.68180046250981,'2026-03-21 07:54:42.037000',1,NULL),(42,10.7593087298021,106.6818368346273,'2026-03-21 07:55:39.451000',1,NULL),(43,10.759358825002705,106.6817899369397,'2026-03-21 07:57:40.903000',1,NULL),(44,10.759417347740865,106.68176320454215,'2026-03-21 07:58:30.000000',1,NULL),(45,10.759351596088763,106.68180260851878,'2026-03-21 07:59:07.671000',1,NULL),(46,10.7594163051413,106.68175336294172,'2026-03-21 08:01:05.353000',1,NULL),(47,10.759388378703074,106.68180588145232,'2026-03-21 08:01:55.862000',1,NULL),(48,10.759415548774278,106.68176630985472,'2026-03-21 08:04:10.366000',1,NULL),(49,10.75934946238993,106.6818053661648,'2026-03-21 08:04:28.209000',1,NULL),(50,10.759414515059278,106.68175371820095,'2026-03-21 08:07:52.382000',1,NULL),(51,10.759351874370804,106.68179775182197,'2026-03-21 08:08:05.033000',1,NULL),(52,10.759353718679124,106.6817923989392,'2026-03-21 08:12:06.430000',1,NULL),(53,10.755655105695341,106.70379459857942,'2026-03-21 08:12:19.399000',1,NULL),(54,10.759321437601415,106.68181590851279,'2026-03-21 08:13:15.066000',1,NULL),(55,10.759417335961736,106.68175340296065,'2026-03-21 08:15:10.859000',1,NULL),(56,10.759336172716793,106.68181347220505,'2026-03-21 08:15:22.502000',1,NULL),(57,10.75934283159033,106.68184221121889,'2026-03-21 08:17:17.653000',1,NULL),(58,10.759378912804511,106.6818290622303,'2026-03-21 08:18:22.847000',1,NULL),(59,10.759425575378959,106.68176829354476,'2026-03-21 08:20:19.110000',1,NULL),(60,10.759357121373284,106.68181153808243,'2026-03-21 08:21:09.771000',1,NULL),(61,10.7765,106.701,'2026-03-21 08:24:56.934000',1,NULL),(62,10.759353249356709,106.68179351554508,'2026-03-21 08:24:58.034000',1,NULL),(63,10.7562617935607,106.70507662666732,'2026-03-21 08:25:04.095000',1,NULL),(64,10.759479771095155,106.68174342796229,'2026-03-21 08:37:38.937000',1,NULL),(65,10.830975153223273,106.66959021120942,'2026-03-27 15:42:40.499000',1,NULL),(66,10.830975153223273,106.66959021120942,'2026-03-27 15:42:43.694000',1,NULL),(67,10.830978078122026,106.66957987046183,'2026-03-27 15:42:57.081000',1,NULL),(68,10.830973019021323,106.66956566837699,'2026-03-27 15:43:09.980000',1,NULL),(69,10.83097530011981,106.66956940521095,'2026-03-27 15:43:50.766000',1,NULL),(70,10.83098492499759,106.66961903888212,'2026-03-27 15:58:29.789000',1,5),(71,10.83098492499759,106.66961903888212,'2026-03-27 15:58:41.747000',1,5),(72,10.830975611014106,106.66960808012799,'2026-03-27 15:59:08.675000',1,5),(73,10.83097469167064,106.66961867616529,'2026-03-27 16:01:00.938000',1,5),(74,10.83097469167064,106.66961867616529,'2026-03-27 16:01:13.687000',1,5),(75,10.830972471653322,106.66961659334606,'2026-03-27 16:02:33.034000',1,5),(76,10.83098818167185,106.66962853083335,'2026-03-27 16:03:54.242000',1,5),(77,10.83098818167185,106.66962853083335,'2026-03-27 16:04:00.204000',1,5),(78,10.83098818167185,106.66962853083335,'2026-03-27 16:04:01.862000',1,5),(79,10.830983800006372,106.66961521201534,'2026-03-27 16:04:20.694000',1,5),(80,10.75543939092803,106.70434717276531,'2026-03-27 16:04:23.556000',1,5),(81,10.755693496652567,106.70480889086897,'2026-03-27 16:04:29.075000',1,5),(82,10.756461731401531,106.70500183531036,'2026-03-27 16:04:30.534000',1,5),(83,10.757061584571066,106.70448731680001,'2026-03-27 16:04:34.312000',1,5),(84,10.830973740890391,106.66960510047082,'2026-03-27 16:04:52.752000',1,5),(85,10.830973740890391,106.66960510047082,'2026-03-27 16:04:56.232000',1,5),(86,10.830973740890391,106.66960510047082,'2026-03-27 16:05:03.762000',1,5),(87,10.830973740890391,106.66960510047082,'2026-03-27 16:05:06.579000',1,5),(88,10.830967836337111,106.66959029846292,'2026-03-27 16:05:25.921000',1,5),(89,10.830987919244789,106.66963042062201,'2026-03-27 16:47:05.706000',1,5),(90,10.83097685589231,106.66962036395944,'2026-03-27 16:56:02.204000',1,5),(91,10.83097685589231,106.66962036395944,'2026-03-27 16:56:03.900000',1,5),(92,10.7555818539134,106.7037355899811,'2026-03-27 16:56:10.557000',1,5),(93,10.830956410704873,106.6696265086758,'2026-03-27 17:01:04.100000',1,5),(94,10.830956410704873,106.6696265086758,'2026-03-27 17:01:09.565000',1,5),(95,10.830964880084041,106.66962799873691,'2026-03-27 17:02:31.081000',1,5),(96,10.755170898085698,106.70499086380006,'2026-03-27 17:02:38.298000',1,5),(97,10.83098379145369,106.6696145534992,'2026-03-27 17:05:08.895000',1,5),(98,10.75437005947951,106.70339226722719,'2026-03-27 17:08:22.956000',1,5),(99,10.830975874835618,106.66961002020162,'2026-03-27 17:08:27.764000',1,5),(100,10.755154541680183,106.7034834623337,'2026-03-27 17:08:30.140000',1,5),(101,10.830981354930632,106.66960675342519,'2026-03-27 17:12:17.495000',1,5),(102,10.755286936125907,106.70477628707887,'2026-03-27 17:12:20.309000',1,5),(103,10.754981723308662,106.70445442199708,'2026-03-27 17:16:30.849000',1,NULL),(104,10.753779881603792,106.70356392860414,'2026-03-27 17:20:06.840000',1,NULL),(105,10.830972991899728,106.6696429072307,'2026-03-27 17:20:21.299000',1,NULL),(106,10.754612418755732,106.70398235321046,'2026-03-27 17:20:28.036000',1,NULL),(107,10.830979005598394,106.66959037183207,'2026-03-27 17:21:11.479000',1,NULL),(108,10.83097042666494,106.66959669270061,'2026-03-27 17:21:38.845000',1,NULL),(109,10.830975521012714,106.66958271660789,'2026-03-27 17:22:20.360000',1,NULL),(110,10.754380596843397,106.70340299606325,'2026-03-27 17:22:28.985000',1,NULL),(111,10.830970117610981,106.66957938375745,'2026-03-27 17:23:11.256000',1,NULL),(112,10.756139843215546,106.7047441005707,'2026-03-27 17:23:23.650000',1,NULL),(113,10.830972240231697,106.66960100691323,'2026-03-27 17:23:47.845000',1,NULL),(114,10.756341190560443,106.70488357543945,'2026-03-27 17:24:27.613000',1,NULL),(115,10.755719710275109,106.70481920242311,'2026-03-27 17:24:33.626000',1,NULL),(116,10.756383324770717,106.70490503311157,'2026-03-27 17:24:34.454000',1,NULL),(117,10.830976154427548,106.66961407096139,'2026-03-27 17:31:25.454000',1,NULL),(118,10.830968717780717,106.66959043082868,'2026-03-27 17:31:46.634000',1,NULL),(119,10.83097034873987,106.66963370900804,'2026-03-27 17:33:28.178000',1,NULL),(120,10.83097034873987,106.66963370900804,'2026-03-27 17:33:29.872000',1,NULL),(121,10.831017879170355,106.66965914000878,'2026-03-27 17:35:40.015000',1,NULL),(122,10.83098487163802,106.6696059186173,'2026-03-27 17:36:15.837000',1,NULL),(123,10.830981020687442,106.66959879600185,'2026-03-27 17:36:53.418000',1,NULL),(124,10.830981020687442,106.66959879600185,'2026-03-27 17:37:11.744000',1,NULL),(125,10.830994499655148,106.66964268316681,'2026-03-27 17:39:25.869000',1,NULL),(126,10.831013191650833,106.66963733836482,'2026-03-27 17:47:09.950000',1,NULL),(127,10.830989511320462,106.66963019801594,'2026-03-27 17:48:16.440000',1,NULL),(128,10.830987795409838,106.66963743720504,'2026-03-27 17:48:42.895000',1,NULL),(129,10.830952258661975,106.66959282087085,'2026-03-27 17:56:53.192000',1,NULL),(130,10.830961925265573,106.66962479337322,'2026-03-27 18:00:57.185000',1,NULL),(131,10.830970224951468,106.66962456098786,'2026-03-27 18:20:37.044000',1,6),(132,10.830970224951468,106.66962456098786,'2026-03-27 18:20:48.338000',1,6),(133,10.830973489716678,106.66963181043063,'2026-03-27 18:21:18.623000',1,6),(134,10.83096874060358,106.66962070867315,'2026-03-27 18:23:28.778000',1,6),(135,10.830974815379923,106.66962502361201,'2026-03-27 18:23:52.316000',1,6),(136,10.830995316813793,106.66964398694448,'2026-03-27 18:28:22.748000',1,6),(137,10.830990885717876,106.6696479586907,'2026-03-27 18:29:11.209000',1,6),(138,10.830980153085546,106.66962836470152,'2026-03-27 18:29:38.820000',1,6),(139,10.83097873682481,106.66962953444187,'2026-03-27 18:32:30.388000',1,6),(140,10.755409818589008,106.70461525769728,'2026-03-27 18:32:47.715000',1,6),(141,10.830971895881126,106.66962554271598,'2026-03-27 18:33:01.245000',1,6),(142,10.830971391600626,106.66962352682887,'2026-03-27 18:33:26.019000',1,6),(143,10.830969217027132,106.66959577078867,'2026-03-27 18:35:01.007000',1,6),(144,10.8309663372337,106.66958107427989,'2026-03-27 18:37:27.818000',1,6),(145,10.8309663372337,106.66958107427989,'2026-03-27 18:37:32.681000',1,6),(146,10.830992051511064,106.66963183089038,'2026-03-27 18:40:47.883000',1,6),(147,10.83097368139297,106.66958397296511,'2026-03-27 18:41:58.088000',1,6),(148,10.83096956184762,106.66955148998383,'2026-03-27 18:42:15.996000',1,6),(149,10.754740086208306,106.70305967330934,'2026-03-27 18:42:20.211000',1,6),(150,10.755667042395428,106.70445442199708,'2026-03-27 18:42:24.202000',1,6),(151,10.756256922122212,106.70488357543945,'2026-03-27 18:42:28.215000',1,6),(152,10.754792754249825,106.70432567596437,'2026-03-27 18:42:50.693000',1,6),(153,10.830968800801534,106.66956512373223,'2026-03-27 18:43:15.553000',1,6),(154,10.830974452845565,106.66959419735052,'2026-03-27 18:57:30.620000',1,6),(155,10.756297815025999,106.70279145240784,'2026-03-27 18:57:40.724000',1,6),(156,10.756339815356688,106.70502305030824,'2026-03-27 18:57:52.499000',1,6),(157,10.755654693274355,106.70425057411195,'2026-03-27 18:57:54.265000',1,6),(158,10.755833879200022,106.70352101325989,'2026-03-27 18:57:57.638000',1,6),(159,10.757215261724955,106.70445442199708,'2026-03-27 18:58:01.825000',1,6),(160,10.756340667489257,106.7046904563904,'2026-03-27 18:58:09.788000',1,6),(161,10.830972688545978,106.66959560551317,'2026-03-27 18:58:18.174000',1,6),(162,10.830972688545978,106.66959560551317,'2026-03-27 18:58:19.881000',1,6),(163,10.754960151290208,106.70354247093202,'2026-03-27 18:58:21.218000',1,6),(164,10.754749404347471,106.70481920242311,'2026-03-27 18:58:22.751000',1,6),(165,10.755455406026034,106.70354247093202,'2026-03-27 18:58:23.764000',1,6),(166,10.830999335726025,106.66965234768925,'2026-03-27 19:00:32.479000',1,6),(167,10.830971900514268,106.6696066481828,'2026-03-27 19:01:22.089000',1,6),(168,10.830965288048183,106.66956931401423,'2026-03-27 19:05:00.648000',1,6),(169,10.830959769569622,106.66957319782145,'2026-03-27 19:05:28.302000',1,6),(170,10.755759711866308,106.70432517186929,'2026-03-27 19:05:37.492000',1,6),(171,10.830952549282888,106.66957247048104,'2026-03-27 19:05:50.811000',1,6),(172,10.75541325671848,106.70358538627626,'2026-03-27 19:05:52.662000',1,6),(173,10.754991763318907,106.7054307460785,'2026-03-27 19:06:00.978000',1,6),(174,10.755002300661092,106.70473337173463,'2026-03-27 19:06:06.066000',1,6),(175,10.756171943353426,106.7046904563904,'2026-03-27 19:06:07.121000',1,6),(176,10.756888478978523,106.70422911643983,'2026-03-27 19:06:08.696000',1,6),(177,10.756920090805144,106.70302748680116,'2026-03-27 19:06:09.488000',1,6),(178,10.830958159754196,106.66957798247999,'2026-03-27 19:06:26.220000',1,6),(179,10.7555818539134,106.7036283016205,'2026-03-27 19:06:27.631000',1,6),(180,10.754833703142227,106.70460462570192,'2026-03-27 19:06:32.396000',1,6),(181,10.830964190065572,106.66958274593883,'2026-03-27 19:06:40.910000',1,6),(182,10.830986746293243,106.6696324177628,'2026-03-27 19:12:41.378000',1,6),(183,10.830986746293243,106.6696324177628,'2026-03-27 19:12:47.339000',1,6),(184,10.755044450026059,106.70444369316102,'2026-03-27 19:12:50.430000',1,6),(185,10.75601399296532,106.70509815216066,'2026-03-27 19:12:58.085000',1,6),(186,10.755413365888819,106.70478701591493,'2026-03-27 19:13:09.816000',1,6),(187,10.75695181179821,106.70322060585023,'2026-03-27 19:13:15.863000',1,6),(188,10.75629849707791,106.70319914817811,'2026-03-27 19:13:21.812000',1,6),(189,10.83098663256522,106.66962309464192,'2026-03-27 19:38:33.474000',1,NULL),(190,10.830976742693341,106.66958620167394,'2026-03-27 19:47:44.120000',1,7),(191,10.830985824031192,106.66962165800079,'2026-03-27 19:53:52.455000',1,7),(192,10.830983370936643,106.66960270115973,'2026-03-27 19:54:15.467000',1,7),(193,10.756403763889027,106.70572042465211,'2026-03-27 20:04:03.586000',1,7),(194,10.755360570075743,106.70470118522645,'2026-03-27 20:04:04.231000',1,7),(195,10.830971111539347,106.66957263586164,'2026-03-27 20:04:37.404000',1,10),(196,10.756214092554965,106.70320987701417,'2026-03-27 20:04:38.801000',1,10),(197,10.830987938140304,106.66960754070088,'2026-03-27 20:11:13.422000',1,10),(198,10.754833703142227,106.70418620109558,'2026-03-27 20:11:21.352000',1,10),(199,10.756530211378772,106.70157909393312,'2026-03-27 20:11:23.127000',1,10),(200,10.754633493466205,106.70389652252199,'2026-03-27 20:11:24.241000',1,10),(201,10.83098052785299,106.66961994464687,'2026-03-27 20:16:08.071000',1,10),(202,10.755729376381638,106.70504450798036,'2026-03-27 20:16:09.136000',1,10),(203,10.830977267297053,106.66961112408188,'2026-03-27 20:17:45.230000',1,12),(204,10.75652954119664,106.70300602836097,'2026-03-27 20:17:47.806000',1,12),(205,10.757436007602422,106.70395016587419,'2026-03-27 20:17:54.649000',1,12),(206,10.756571702695323,106.70536637214401,'2026-03-27 20:17:58.739000',1,12),(207,10.830962207834796,106.66958584767842,'2026-03-27 20:18:42.746000',1,12),(208,10.830962207834796,106.66958584767842,'2026-03-27 20:18:45.688000',1,12),(209,10.757014395762072,106.70294165534871,'2026-03-27 20:20:50.019000',1,12),(210,10.757341144989732,106.70471191318596,'2026-03-27 20:21:14.623000',1,12),(211,10.756571702695323,106.70535564330862,'2026-03-27 20:21:15.966000',1,12),(212,10.756634944601768,106.70369267382516,'2026-03-27 20:21:17.052000',1,12),(213,10.756940613629407,106.70296311301946,'2026-03-27 20:21:18.650000',1,12),(214,10.753926071061475,106.70237302707372,'2026-03-27 20:21:20.296000',1,12),(215,10.830972570089031,106.66962081848453,'2026-03-27 20:26:07.648000',1,NULL),(216,10.830972570089031,106.66962081848453,'2026-03-27 20:26:13.106000',1,NULL),(217,10.757635961358114,106.7040896407341,'2026-03-27 20:26:15.499000',1,NULL),(218,10.754276126143285,106.70187950064636,'2026-03-27 20:27:09.283000',1,NULL),(219,10.754212921294107,106.70189022948172,'2026-03-27 20:27:10.149000',1,NULL),(220,10.830986640778553,106.66960668888437,'2026-03-27 20:28:55.883000',1,14),(221,10.75591944131452,106.70498013407044,'2026-03-27 20:29:43.751000',1,14),(222,10.754380151288194,106.70278072281803,'2026-03-27 20:29:53.526000',1,14),(223,10.830972256833837,106.66955909158945,'2026-03-27 20:32:17.750000',1,14),(224,10.75570889338577,106.70426130210014,'2026-03-27 20:34:45.441000',1,14),(225,10.830969396630156,106.6695796888843,'2026-03-27 20:34:57.457000',1,14),(226,10.756730790193252,106.70525908379025,'2026-03-27 20:37:13.130000',1,14),(227,10.830967108726412,106.66957944379156,'2026-03-27 20:39:22.951000',1,16),(228,10.83096024879283,106.66956517485573,'2026-03-27 20:42:04.305000',1,16),(229,10.830971441393286,106.66961614851478,'2026-03-27 20:44:24.158000',1,16),(230,10.755845744258192,106.70302748603174,'2026-03-27 20:49:10.375000',1,16),(231,10.75724717251789,106.70467972667987,'2026-03-27 20:49:32.150000',1,16),(232,10.754560520238911,106.70607447527894,'2026-03-27 20:49:34.589000',1,16),(233,10.830972210875407,106.6696219728315,'2026-03-27 20:49:52.800000',1,16),(234,10.75656092474251,106.70538782981477,'2026-03-27 20:49:55.198000',1,16),(235,10.830972210875407,106.6696219728315,'2026-03-27 20:50:00.752000',1,16),(236,10.830979371300256,106.66961736402806,'2026-03-27 20:51:52.711000',1,16),(237,10.83097568124456,106.66961216188223,'2026-03-27 20:54:27.015000',1,16),(238,10.75523921599551,106.70510083962007,'2026-03-27 20:54:40.691000',1,16),(239,10.756335987747748,106.70529410408122,'2026-03-27 20:54:44.873000',1,16),(240,10.757261210090473,106.70447809857853,'2026-03-27 20:54:48.161000',1,16),(241,10.756552795574798,106.70526508463145,'2026-03-27 20:55:08.986000',1,16),(242,10.830943541862965,106.66953754063395,'2026-03-27 20:58:21.785000',1,16),(243,10.830943541862965,106.66953754063395,'2026-03-27 20:58:32.564000',1,16),(244,10.830948119600059,106.66955050269746,'2026-03-27 20:58:41.299000',1,16),(245,10.755467007122414,106.70456399389464,'2026-03-27 20:58:51.501000',1,16),(246,10.830982470079356,106.66960710656744,'2026-03-27 21:03:07.078000',1,16),(247,10.754651457141595,106.70445662474955,'2026-03-27 21:03:56.137000',1,16),(248,10.757260579083258,106.70437072943348,'2026-03-27 21:04:05.629000',1,16),(249,10.754800522607058,106.70458316716146,'2026-03-27 21:07:28.485000',1,16),(250,10.830963917148308,106.66959922994377,'2026-03-27 21:07:28.764000',1,16),(251,10.830960989798065,106.66960882821067,'2026-03-27 21:09:18.852000',1,16),(252,10.830960989798065,106.66960882821067,'2026-03-27 21:09:26.155000',1,16),(253,10.830968788292102,106.6696149608855,'2026-03-27 21:09:35.305000',1,16),(254,10.830968788292102,106.6696149608855,'2026-03-27 21:09:36.625000',1,16),(255,10.830960547617908,106.66963031758004,'2026-03-27 21:15:55.951000',1,16),(256,10.830960547617908,106.66963031758004,'2026-03-27 21:16:06.881000',1,16),(257,10.83098081030315,106.66961577911681,'2026-03-27 21:27:12.654000',1,16),(258,10.83098081030315,106.66961577911681,'2026-03-27 21:27:14.075000',1,16),(259,10.83098081030315,106.66961577911681,'2026-03-27 21:27:18.323000',1,16),(260,10.75515203689602,106.70456399389464,'2026-03-27 21:27:27.998000',1,16),(261,10.7541789992749,106.7089876026723,'2026-03-27 21:27:34.270000',1,16),(262,10.830992423866812,106.66962813196257,'2026-03-27 21:27:40.745000',1,16),(263,10.830992423866812,106.66962813196257,'2026-03-27 21:27:49.876000',1,16),(264,10.83096374196797,106.66957413359688,'2026-03-27 21:55:45.021000',1,NULL),(265,10.83096374196797,106.66957413359688,'2026-03-27 21:55:53.037000',1,NULL),(266,10.83096374196797,106.66957413359688,'2026-03-27 21:55:59.642000',1,NULL),(267,10.830956219193322,106.66960485537253,'2026-03-27 22:12:20.553000',1,NULL),(268,10.830956219193322,106.66960485537253,'2026-03-27 22:12:29.066000',1,NULL),(269,10.830956219193322,106.66960485537253,'2026-03-27 22:12:37.904000',1,NULL),(270,10.830963342133467,106.66960905935584,'2026-03-27 22:12:55.907000',1,NULL),(271,10.830963342133467,106.66960905935584,'2026-03-27 22:12:58.692000',1,NULL),(272,10.830963342133467,106.66960905935584,'2026-03-27 22:13:08.469000',1,NULL),(273,10.830963342133467,106.66960905935584,'2026-03-27 22:13:14.554000',1,NULL),(274,10.830985027065635,106.66965404919516,'2026-03-27 22:16:24.391000',1,NULL),(275,10.830994277784889,106.66965082597086,'2026-03-27 22:18:54.539000',1,NULL),(276,10.755076098823816,106.70459571722408,'2026-03-27 22:20:02.404000',1,NULL),(277,10.830959646868616,106.6695680387493,'2026-03-27 22:20:31.074000',1,16),(278,10.83096320797344,106.6695936895222,'2026-03-27 22:24:39.683000',1,16),(279,10.830965190173227,106.66961941939098,'2026-03-27 22:26:10.796000',1,16),(280,10.830965190173227,106.66961941939098,'2026-03-27 22:26:14.555000',1,16),(281,10.830961070885241,106.6696145273991,'2026-03-27 22:26:48.028000',1,16),(282,10.830961070885241,106.6696145273991,'2026-03-27 22:26:55.992000',1,16),(283,10.83096797459965,106.66961378239148,'2026-03-27 22:27:08.950000',1,16),(284,10.83096797459965,106.66961378239148,'2026-03-27 22:27:13.917000',1,16),(285,10.756749736145144,106.7032206050733,'2026-03-27 22:27:20.102000',1,16),(286,10.753828877969069,106.70242667125535,'2026-03-27 22:27:28.571000',1,16),(287,10.754904431923112,106.70495867640443,'2026-03-27 22:27:34.448000',1,16),(288,10.753892145954866,106.70223355221856,'2026-03-27 22:27:38.654000',1,16),(289,10.830959334913139,106.66959430073761,'2026-03-27 22:28:33.666000',1,16),(290,10.830971030608355,106.66961025441884,'2026-03-27 22:29:27.736000',1,16),(291,10.830972317955707,106.66960097681655,'2026-03-27 22:29:29.883000',1,16),(292,10.830975565581234,106.66962121903916,'2026-03-27 22:30:44.439000',1,16),(293,10.830975565581234,106.66962121903916,'2026-03-27 22:30:57.411000',1,16),(294,10.754345587380994,106.70357465661414,'2026-03-27 22:31:11.130000',1,16),(295,10.830959164729336,106.66961187197091,'2026-03-27 22:31:57.828000',1,16),(296,10.830959164729336,106.66961187197091,'2026-03-27 22:31:59.336000',1,16),(297,10.830968892158152,106.66961475304095,'2026-03-27 22:33:39.169000',1,16),(298,10.830968892158152,106.66961475304095,'2026-03-27 22:33:50.485000',1,16),(299,10.754699265553338,106.70402714816916,'2026-03-27 22:33:58.574000',1,16),(300,10.830975137860413,106.66962299103989,'2026-03-27 22:35:33.562000',1,16),(301,10.755431684102254,106.70441150579542,'2026-03-27 22:35:35.140000',1,16),(302,10.755294604149196,106.70543074515628,'2026-03-27 22:35:50.442000',1,16),(303,10.756306885410856,106.7060959329497,'2026-03-27 22:35:51.382000',1,16),(304,10.754640837362157,106.70418620025252,'2026-03-27 22:35:51.859000',1,16),(305,10.753681273866832,106.7054200163209,'2026-03-27 22:36:00.815000',1,16),(306,10.754345587380994,106.70471191318596,'2026-03-27 22:36:01.474000',1,16),(307,10.753343844220028,106.70279145165343,'2026-03-27 22:50:20.202000',1,16),(308,10.754398310613126,106.70348882595296,'2026-03-27 22:50:21.249000',1,16),(309,10.753354388902208,106.702523230769,'2026-03-27 22:50:24.665000',1,16),(310,10.754577569533389,106.70405745422795,'2026-03-27 22:50:25.306000',1,16),(311,10.753480925059558,106.70302748603174,'2026-03-27 22:50:26.794000',1,16),(312,10.7544615784795,106.70275926514728,'2026-03-27 22:50:27.622000',1,16),(313,10.754166328322874,106.70362830081285,'2026-03-27 22:50:29.983000',1,16),(314,10.754693560542663,106.70401453888648,'2026-03-27 22:50:30.769000',1,16),(315,10.754957176307002,106.70469045551522,'2026-03-27 22:50:31.286000',1,16),(316,10.7544615784795,106.70289874000721,'2026-03-27 22:50:32.666000',1,16),(317,10.830984885571631,106.66962962475213,'2026-03-27 22:50:37.125000',1,16),(318,10.756023829975303,106.70516526110714,'2026-03-27 22:50:42.175000',1,16),(319,10.755554186774544,106.70471431069777,'2026-03-27 22:50:46.845000',1,16),(320,10.756376765103587,106.70480020601383,'2026-03-27 22:50:47.583000',1,16),(321,10.757051699492889,106.70424188645936,'2026-03-27 22:50:48.859000',1,16),(322,10.830962359913086,106.66960400843992,'2026-03-27 23:04:30.308000',1,16),(323,10.830957013909149,106.66955449101529,'2026-03-27 23:05:10.630000',1,16),(324,10.830957013909149,106.66955449101529,'2026-03-27 23:05:18.606000',1,16),(325,10.830957013909149,106.66955449101529,'2026-03-27 23:05:21.732000',1,16),(326,10.830970856991433,106.66960185316985,'2026-03-27 23:09:59.784000',1,16),(327,10.83098469929694,106.66959098655614,'2026-03-27 23:11:58.688000',1,16),(328,10.757298783757268,106.70640706917564,'2026-03-27 23:12:10.817000',1,16),(329,10.830978418316812,106.66960994660714,'2026-03-27 23:11:45.284000',1,16),(330,10.830985101333038,106.6696147155221,'2026-03-27 23:14:26.281000',1,16),(331,10.830978333719651,106.66959081719415,'2026-03-27 23:17:10.889000',1,16),(332,10.757435817394846,106.70484065921055,'2026-03-27 23:17:30.621000',1,16),(333,10.830988864981782,106.66963547789149,'2026-03-27 23:21:05.003000',1,16),(334,10.757657269399587,106.70426130254077,'2026-03-27 23:21:29.180000',1,16),(335,10.756276390141174,106.7051625247125,'2026-03-27 23:21:30.107000',1,16),(336,10.830970494732748,106.6696195087221,'2026-03-27 23:24:32.818000',1,15),(337,10.756929846731236,106.70573115254685,'2026-03-27 23:25:32.892000',1,15),(338,10.830998278875015,106.66963825085179,'2026-03-27 23:34:13.240000',1,21),(339,10.830973453252746,106.66958173205788,'2026-03-27 23:40:30.408000',1,21),(340,10.756624091348726,106.70862793922426,'2026-03-27 23:43:56.169000',1,21),(341,10.83097067427812,106.6695924248797,'2026-03-27 23:44:13.780000',1,21),(342,10.83097067427812,106.6695924248797,'2026-03-27 23:44:23.689000',1,21),(343,10.83097067427812,106.6695924248797,'2026-03-27 23:44:24.689000',1,21),(344,10.757193373224466,106.70445442199708,'2026-03-27 23:44:26.129000',1,21),(345,10.756697943226731,106.70531272888185,'2026-03-27 23:44:30.544000',1,21),(346,10.754829635855288,106.70464063931365,'2026-03-27 23:45:06.820000',1,21),(347,10.75575141937449,106.70440463560716,'2026-03-27 23:45:13.959000',1,21),(348,10.830972359539805,106.66960113215461,'2026-03-27 23:45:17.137000',1,21),(349,10.754435993342083,106.70269837535055,'2026-03-27 23:45:21.283000',1,21),(350,10.830972359539805,106.66960113215461,'2026-03-27 23:45:26.937000',1,21),(351,10.83099225945862,106.66962297782204,'2026-03-27 23:50:05.680000',1,21),(352,10.830965507497258,106.66959711324287,'2026-03-27 23:49:27.774000',1,21),(353,10.830965507497258,106.66959711324287,'2026-03-27 23:49:30.014000',1,21),(354,10.754431604137565,106.70452952384949,'2026-03-27 23:49:32.432000',1,21),(355,10.830965507497258,106.66959711324287,'2026-03-27 23:49:30.014000',1,21),(356,10.754431604137565,106.70452952384949,'2026-03-27 23:49:32.432000',1,21),(357,10.756571450330917,106.7052698135376,'2026-03-27 23:49:36.251000',1,21),(358,10.757340947960056,106.70470118522645,'2026-03-27 23:49:40.502000',1,21),(359,10.757456899487387,106.70382142066956,'2026-03-27 23:49:42.477000',1,21),(360,10.755823032945232,106.70421838760376,'2026-03-27 23:49:43.490000',1,21),(361,10.754991387210659,106.70455315296,'2026-03-27 23:49:49.447000',1,21),(362,10.754991387210659,106.70455315296,'2026-03-27 23:49:49.447000',1,21),(363,10.756509994438007,106.70549744218927,'2026-03-27 23:49:52.209000',1,21),(364,10.757083688447405,106.70412393058308,'2026-03-27 23:49:53.369000',1,21),(365,10.830977210057233,106.66958567795913,'2026-03-27 23:55:20.311000',1,21),(366,10.755812560978523,106.70493945309924,'2026-03-27 23:55:25.165000',1,21),(367,10.754815622098874,106.70423123617729,'2026-03-27 23:55:57.822000',1,21),(368,10.756545147399812,106.70539013659506,'2026-03-27 23:56:00.027000',1,21),(369,10.830961347464592,106.66959443736602,'2026-03-27 23:56:12.332000',1,21),(370,10.830989583869728,106.66958891923389,'2026-03-28 00:03:52.196000',1,21),(371,10.755435721206252,106.70485360862389,'2026-03-28 00:04:11.649000',1,21),(372,10.75724607849546,106.70461535453798,'2026-03-28 00:04:24.937000',1,21),(373,10.757109044771674,106.7029094696045,'2026-03-28 00:04:28.775000',1,21),(374,10.756613614635407,106.70538783073427,'2026-03-28 00:04:34.565000',1,21),(375,10.830985863102985,106.66958994612578,'2026-03-28 00:04:49.271000',1,21),(376,10.75479000308051,106.70472264289857,'2026-03-28 00:05:03.786000',1,21),(377,10.756444957382074,106.70482993125917,'2026-03-28 00:05:14.626000',1,21),(378,10.755559505254661,106.70472264289857,'2026-03-27 23:55:45.492000',1,21),(379,10.755559505254661,106.70472264289857,'2026-03-27 23:55:45.492000',1,21),(380,10.754815622098874,106.70423123617729,'2026-03-27 23:55:57.822000',1,21),(381,10.830987468635822,106.6696153100651,'2026-03-28 00:07:11.248000',1,21),(382,10.754648293815558,106.70412393058308,'2026-03-28 00:07:15.850000',1,21),(383,10.830987468635822,106.6696153100651,'2026-03-28 00:07:11.248000',1,21),(384,10.754648293815558,106.70412393058308,'2026-03-28 00:07:15.850000',1,21),(385,10.830987468635822,106.6696153100651,'2026-03-28 00:07:19.979000',1,21),(386,10.757446358441307,106.70496940612794,'2026-03-28 00:07:21.395000',1,21),(387,10.756571450330917,106.70535564422609,'2026-03-28 00:07:27.563000',1,21),(388,10.756571450330917,106.70535564422609,'2026-03-28 00:07:27.563000',1,21),(389,10.830976489335105,106.669573524497,'2026-03-28 00:08:00.807000',1,21),(390,10.830966081283387,106.66956019706971,'2026-03-28 00:41:33.657000',1,NULL),(391,10.830960424502965,106.6695579130724,'2026-03-28 00:42:45.417000',1,NULL),(392,10.830961224037333,106.66955827730472,'2026-03-28 00:43:08.723000',1,22),(393,10.830968228256468,106.66956388716001,'2026-03-28 00:44:17.237000',1,22),(394,10.830964589495183,106.66959601135596,'2026-03-28 00:46:23.076000',1,22),(395,10.830966944334381,106.66959500289565,'2026-03-28 00:46:43.952000',1,22),(396,10.755726981213652,106.70244812965393,'2026-03-28 00:47:20.889000',1,24),(397,10.755222538545086,106.7083489894867,'2026-03-28 00:47:22.757000',1,25),(398,10.75449314440933,106.70430421829225,'2026-03-28 00:47:43.752000',1,27),(399,10.75921646428571,106.68323817857141,'2026-03-28 00:47:38.036000',1,25),(400,10.755579345656415,106.70439004898073,'2026-03-28 00:47:49.185000',1,27),(401,10.8309207,106.6696028,'2026-03-28 00:48:03.563000',1,27),(402,10.8309763,106.6696404,'2026-03-28 00:48:07.380000',1,27),(403,10.756241219465233,106.70531759038569,'2026-03-28 00:48:16.417000',1,27),(404,10.758879962328766,106.68203766894977,'2026-03-28 00:48:15.147000',1,26),(405,10.758879962328766,106.68203766894977,'2026-03-28 00:48:23.548000',1,26),(406,10.759216227979586,106.68323948880222,'2026-03-28 00:47:56.173000',1,25),(407,10.830966944334381,106.66959500289565,'2026-03-28 00:46:45.182000',1,22),(408,10.830964,106.6696171,'2026-03-28 00:48:32.046000',1,27),(409,10.8309594,106.6696214,'2026-03-28 00:49:04.148000',1,27),(410,10.8309594,106.6696214,'2026-03-28 00:49:05.540000',1,27),(411,10.753793314184025,106.70230329036713,'2026-03-28 00:49:13.464000',1,27),(412,10.756287113713308,106.70500065411503,'2026-03-28 00:49:22.531000',1,28),(413,10.758857420922569,106.68203442009886,'2026-03-28 00:50:02.952000',1,26),(414,10.754210661635014,106.70243203639986,'2026-03-28 00:50:44.260000',1,26),(415,10.755674256259173,106.70472264289857,'2026-03-28 00:51:12.677000',1,27),(416,10.758870514869887,106.6820355762082,'2026-03-28 00:51:38.565000',1,26),(417,10.755717935377916,106.70452952384949,'2026-03-28 00:51:45.227000',1,26),(418,10.755736981913069,106.70253396034242,'2026-03-28 00:51:32.080000',1,27),(419,10.757243242833143,106.7040925123729,'2026-03-28 00:51:48.016000',1,27),(420,10.75652614349198,106.7053370573558,'2026-03-28 00:51:52.265000',1,27),(421,10.75608245664405,106.70306449290365,'2026-03-28 00:52:15.440000',1,27),(422,10.756762647663512,106.70432293089107,'2026-03-28 00:52:17.471000',1,27),(423,10.756720465329296,106.70325004728514,'2026-03-28 00:52:18.890000',1,27),(424,10.758865605025772,106.6820358530928,'2026-03-28 00:53:27.557000',1,26),(425,10.759219317084222,106.68324869865849,'2026-03-28 00:55:19.703000',1,NULL),(426,10.759219317084222,106.68324869865849,'2026-03-28 00:55:32.658000',1,NULL),(427,10.759219317084222,106.68324869865849,'2026-03-28 00:55:41.553000',1,NULL),(428,10.8309882,106.6696349,'2026-03-28 00:55:46.758000',1,27),(429,10.8309433,106.6695954,'2026-03-28 00:55:53.495000',1,27),(430,10.759219317084222,106.68324869865849,'2026-03-28 00:56:01.483000',1,NULL),(431,10.75889075,106.68203550000001,'2026-03-28 00:56:02.772000',1,26),(432,10.8309433,106.6695954,'2026-03-28 00:56:09.115000',1,27),(433,10.8309778,106.6696586,'2026-03-28 00:56:11.306000',1,27),(434,10.75889075,106.68203550000001,'2026-03-28 00:56:08.857000',1,26),(435,10.758173826809852,106.70317769050598,'2026-03-28 00:56:14.504000',1,26),(436,10.8309778,106.6696586,'2026-03-28 00:56:16.209000',1,27),(437,10.759205277777774,106.68320802777775,'2026-03-28 00:56:58.142000',1,32),(438,10.757046016489602,106.70920729637147,'2026-03-28 00:57:03.236000',1,32),(439,10.75613427889541,106.70309722423555,'2026-03-28 00:56:22.737000',1,26),(440,10.756318734700448,106.70698642730713,'2026-03-28 00:57:04.399000',1,26),(441,10.758879962328766,106.68203766894977,'2026-03-28 00:57:14.537000',1,26),(442,10.758879962328766,106.68203766894977,'2026-03-28 00:57:28.137000',1,26),(443,10.759199821428568,106.68319728571426,'2026-03-28 00:58:13.422000',1,32),(444,10.759702161166935,106.6861939430237,'2026-03-28 00:58:21.241000',1,32),(445,10.8309829,106.669658,'2026-03-28 00:56:19.001000',1,27),(446,10.8309574,106.6695432,'2026-03-28 00:58:34.070000',1,27),(447,10.83143930026028,106.66819095611574,'2026-03-28 00:58:38.025000',1,27),(448,10.759205295454546,106.68321109090908,'2026-03-28 01:01:08.091000',1,NULL),(449,10.830996655540888,106.67087567970158,'2026-03-28 00:59:29.346000',1,27),(450,10.75920193333333,106.6832156,'2026-03-28 01:01:37.670000',1,32),(451,10.8309999,106.6696458,'2026-03-28 01:01:39.120000',1,27),(452,10.8309497,106.6695349,'2026-03-28 01:01:40.699000',1,27),(453,10.8309695,106.6696279,'2026-03-28 01:02:05.733000',1,27),(454,10.759202069365188,106.6832116647646,'2026-03-28 01:02:34.604000',1,32),(455,10.755681044152448,106.70774281024934,'2026-03-28 01:03:46.940000',1,32),(456,10.755770637120772,106.70635342597963,'2026-03-28 01:03:49.167000',1,32),(457,10.830952,106.6695466,'2026-03-28 01:06:34.620000',1,27),(458,10.75920392539451,106.68321987587981,'2026-03-28 01:06:22.264000',1,32),(459,10.759209504571709,106.6832252165544,'2026-03-28 01:07:19.287000',1,32),(460,10.8309387,106.6695935,'2026-03-28 01:07:33.145000',1,27),(461,10.83092,106.6695916,'2026-03-28 01:11:43.324000',1,27),(462,10.830952,106.6695466,'2026-03-28 01:06:48.908000',1,27),(463,10.8309256,106.6695756,'2026-03-28 01:07:01.550000',1,27),(464,10.754908962469775,106.70305967330934,'2026-03-28 01:07:12.122000',1,27),(465,10.8309256,106.6695756,'2026-03-28 01:07:01.550000',1,27),(466,10.754908962469775,106.70305967330934,'2026-03-28 01:07:12.122000',1,27),(467,10.830949357261106,106.66959376174103,'2026-03-28 01:16:06.207000',1,22),(468,10.75887398344749,106.68203381506851,'2026-03-28 01:10:15.851000',1,26),(469,10.758882874999998,106.68203199999998,'2026-03-28 01:19:38.149000',1,38),(470,10.758882874999998,106.68203199999998,'2026-03-28 01:19:40.226000',1,38),(471,10.758882089291633,106.68203258492649,'2026-03-28 01:20:12.983000',1,NULL),(472,10.758882089291633,106.68203258492649,'2026-03-28 01:20:35.506000',1,NULL),(473,10.830929820490883,106.66956311053119,'2026-03-28 01:20:36.185000',1,22),(474,10.756457912014083,106.70286655426027,'2026-03-28 01:20:53.944000',1,22),(475,10.83093806525506,106.6695719379427,'2026-03-28 01:21:40.932000',1,NULL),(476,10.758886377349159,106.6820328920623,'2026-03-28 01:21:56.186000',1,38),(477,10.830958368533238,106.6695958727624,'2026-03-28 01:22:58.556000',1,20),(478,10.830958368533238,106.6695958727624,'2026-03-28 01:22:58.847000',1,20),(479,10.830968713796933,106.66959029706382,'2026-03-28 01:23:13.805000',1,NULL),(480,10.830954,106.6696034,'2026-03-28 01:26:33.784000',1,27),(481,10.830954,106.6696034,'2026-03-28 01:26:36.758000',1,27),(482,10.755368433098901,106.70234084129335,'2026-03-28 01:26:38.652000',1,27),(483,10.8309441,106.6695847,'2026-03-28 01:26:46.361000',1,27),(484,10.754725148887692,106.70493721961977,'2026-03-28 01:26:46.916000',1,27),(485,10.830976504900207,106.66959130768667,'2026-03-28 01:28:01.397000',1,41),(486,10.830976504900207,106.66959130768667,'2026-03-28 01:28:05.328000',1,41),(487,10.830972497795265,106.66959304169713,'2026-03-28 01:30:10.159000',1,42),(488,10.758885783259151,106.68203063452027,'2026-03-28 01:30:20.630000',1,38),(489,10.830978,106.6696232,'2026-03-28 01:31:05.466000',1,27),(490,10.8309471,106.6695886,'2026-03-28 01:31:52.491000',1,27),(491,10.758891605341246,106.68203194151829,'2026-03-28 01:32:20.515000',1,NULL),(492,10.8309658,106.6696353,'2026-03-28 01:33:39.910000',1,27),(493,10.8309232,106.66959,'2026-03-28 01:33:46.650000',1,27),(494,10.830939948690816,106.66956206416465,'2026-03-28 01:34:41.819000',1,42),(495,10.830955714341716,106.66955685629796,'2026-03-28 01:36:53.673000',1,44),(496,10.8309269,106.6696395,'2026-03-28 01:38:43.915000',1,27),(497,10.8309306,106.6696918,'2026-03-28 01:38:45.920000',1,27),(498,10.8309178,106.6696124,'2026-03-28 01:38:47.917000',1,27),(499,10.8309019,106.6695514,'2026-03-28 01:38:50.922000',1,27),(500,10.8309709461467,106.66959525665558,'2026-03-28 01:39:09.787000',1,NULL),(501,10.8309187,106.6695949,'2026-03-28 01:40:39.724000',1,27),(502,10.830948815744652,106.66956498460188,'2026-03-28 01:45:09.702000',1,20),(503,10.830948815744652,106.66956498460188,'2026-03-28 01:45:15.588000',1,20),(504,10.830948815744652,106.66956498460188,'2026-03-28 01:45:17.927000',1,20),(505,10.830952003043102,106.66956949825463,'2026-03-28 01:45:53.183000',1,NULL),(506,10.75566371063812,106.70268416404726,'2026-03-28 01:47:13.073000',1,27),(507,10.830947061029963,106.66956460694472,'2026-03-28 01:46:37.079000',1,20),(508,10.8309188,106.6695633,'2026-03-28 01:48:21.236000',1,27),(509,10.830987857086045,106.66958799219532,'2026-03-28 01:52:16.413000',1,20),(510,10.830946250264848,106.66955605090939,'2026-03-28 01:53:15.326000',1,20),(511,10.83095,106.6695903,'2026-03-28 01:54:58.259000',1,NULL),(512,10.8309308,106.669581,'2026-03-28 01:55:23.839000',1,NULL),(513,10.8309425,106.6695883,'2026-03-28 02:03:28.847000',1,NULL),(514,10.830934959539327,106.6695583613134,'2026-03-28 02:01:38.126000',1,20),(515,10.83096375138777,106.66957002123489,'2026-03-28 02:03:24.469000',1,20),(516,10.830977574261222,106.66958349090555,'2026-03-28 02:04:57.081000',1,20),(517,10.75887398344749,106.68203381506851,'2026-03-28 02:21:09.599000',1,NULL),(518,10.755380644005678,106.70595645904541,'2026-03-28 02:21:28.241000',1,NULL),(519,10.754948488883775,106.70486211776733,'2026-03-28 02:21:29.665000',1,NULL),(520,10.759209504571709,106.6832252165544,'2026-03-28 01:07:33.274000',1,32),(521,10.8309353,106.6695911,'2026-03-28 02:25:01.409000',1,NULL),(522,10.8309275,106.6695813,'2026-03-28 02:25:47.260000',1,NULL),(523,10.8309298,106.6695797,'2026-03-28 02:26:01.815000',1,NULL),(524,10.754906327375323,106.7071580886841,'2026-03-28 02:26:18.449000',1,NULL),(525,10.758870514869887,106.6820355762082,'2026-03-28 02:27:26.550000',1,NULL),(526,10.756793049109682,106.70426130294801,'2026-03-28 02:27:31.823000',1,NULL),(527,10.830954367214684,106.66955569888967,'2026-03-28 02:28:34.294000',1,20),(528,10.830958752372924,106.66955011842273,'2026-03-28 02:33:51.319000',1,20),(529,10.830963626042752,106.66956120279076,'2026-03-28 02:37:02.650000',1,20),(530,10.830962175194431,106.66954940418061,'2026-03-28 02:37:45.670000',1,20),(531,10.830962175194431,106.66954940418061,'2026-03-28 02:37:51.524000',1,20),(532,10.830989890763165,106.66957423410709,'2026-03-28 02:38:49.847000',1,20),(533,10.830977739498508,106.66956521138094,'2026-03-28 02:39:39.294000',1,20),(534,10.830940642977872,106.66955502205083,'2026-03-28 02:43:20.093000',1,20),(535,10.830963710921543,106.66959647321968,'2026-03-28 02:57:08.463000',1,20),(536,10.830954210858032,106.66955111534946,'2026-03-28 02:57:58.588000',1,20),(537,10.830972181161655,106.66960191026051,'2026-03-28 03:00:10.864000',1,20),(538,10.83097639084566,106.66959904194825,'2026-03-28 03:02:17.415000',1,20),(539,10.830990491738909,106.66964855434819,'2026-03-28 03:05:11.652000',1,20),(540,10.830974060168746,106.6696435866127,'2026-03-28 03:05:55.468000',1,NULL),(541,10.83098782718458,106.66961747468723,'2026-03-28 03:08:12.353000',1,NULL),(542,10.830977879529954,106.669602717243,'2026-03-28 03:07:55.134000',1,20),(543,10.830983279359375,106.66964763632329,'2026-03-28 03:10:42.619000',1,20),(544,10.830974340096267,106.66960070854074,'2026-03-28 03:10:45.993000',1,20),(545,10.8308774,106.6694989,'2026-03-28 03:23:45.776000',1,NULL),(546,10.8309079,106.6695326,'2026-03-28 03:24:04.801000',1,NULL),(547,10.8309086,106.669535,'2026-03-28 03:24:17.736000',1,NULL),(548,10.8308933,106.6695602,'2026-03-28 03:24:25.449000',1,NULL),(549,10.8308865,106.6695633,'2026-03-28 03:24:34.661000',1,NULL),(550,10.8308849,106.6695624,'2026-03-28 03:24:40.187000',1,NULL),(551,10.758943730642505,106.6819951630972,'2026-03-28 03:29:35.373000',1,NULL),(552,10.75680358942141,106.70454025268555,'2026-03-28 03:29:41.259000',1,NULL),(553,10.758943730642505,106.6819951630972,'2026-03-28 03:30:10.663000',1,NULL),(554,10.758899555206463,106.68201314183122,'2026-03-28 03:31:41.297000',1,NULL),(555,10.7588967486535,106.68201314183122,'2026-03-28 03:33:55.100000',1,NULL),(556,10.830986931474907,106.66964623371787,'2026-03-28 03:33:54.348000',1,20),(557,10.758883639840183,106.68203644063928,'2026-03-28 03:36:05.428000',1,NULL),(558,10.830971212248715,106.66960055588841,'2026-03-28 03:36:01.080000',1,20),(559,10.758931268602517,106.6820063387467,'2026-03-28 03:38:57.541000',1,NULL),(560,10.758931268602517,106.6820063387467,'2026-03-28 03:39:05.583000',1,NULL),(561,10.758873007936506,106.68203480634922,'2026-03-28 03:39:12.003000',1,NULL),(562,10.758873007936506,106.68203480634922,'2026-03-28 03:39:15.663000',1,NULL),(563,10.758892321288672,106.68202979509587,'2026-03-28 03:39:43.465000',1,NULL),(564,10.758892321288672,106.68202979509587,'2026-03-28 03:39:49.733000',1,NULL),(565,10.758885408577546,106.68203245158824,'2026-03-28 03:41:59.724000',1,NULL),(566,10.758885408577546,106.68203245158824,'2026-03-28 03:42:16.602000',1,NULL),(567,10.758885408577546,106.68203245158824,'2026-03-28 03:42:31.860000',1,NULL),(568,10.758885408577546,106.68203245158824,'2026-03-28 03:42:48.704000',1,NULL),(569,10.758885408577546,106.68203245158824,'2026-03-28 03:43:13.728000',1,NULL),(570,10.758885408577546,106.68203245158824,'2026-03-28 03:43:50.914000',1,NULL),(571,10.758885408577546,106.68203245158824,'2026-03-28 03:43:55.393000',1,NULL),(572,10.830978069810444,106.66961965569965,'2026-03-28 03:54:14.941000',1,20),(573,10.830978069810444,106.66961965569965,'2026-03-28 03:54:28.265000',1,20),(574,10.830943947607729,106.6695351758,'2026-03-28 03:56:38.674000',1,20),(575,10.830943947607729,106.6695351758,'2026-03-28 03:56:45.914000',1,NULL),(576,10.830960037543756,106.66955496167074,'2026-03-28 03:56:51.305000',1,NULL),(577,10.830960037543756,106.66955496167074,'2026-03-28 03:56:53.294000',1,NULL),(578,10.830960037543756,106.66955496167074,'2026-03-28 03:57:04.223000',1,NULL),(579,10.830963993802923,106.66956479290155,'2026-03-28 03:57:13.738000',1,NULL),(580,10.830963993802923,106.66956479290155,'2026-03-28 03:57:14.832000',1,NULL),(581,10.830993639844369,106.66962736884288,'2026-03-28 03:59:19.190000',1,NULL),(582,10.830975641686768,106.66959469280361,'2026-03-28 03:59:45.643000',1,NULL),(583,10.830968999563117,106.66960034788183,'2026-03-28 03:59:59.062000',1,NULL),(584,10.830973704991322,106.66959812783385,'2026-03-28 04:00:45.858000',1,NULL),(585,10.830989777433377,106.66960997267796,'2026-03-28 04:00:52.032000',1,NULL),(586,10.830981387354532,106.66963445177834,'2026-03-28 04:02:30.109000',1,NULL),(587,10.830979792078255,106.66963009014349,'2026-03-28 04:03:26.050000',1,NULL),(588,10.830979792078255,106.66963009014349,'2026-03-28 04:03:41.018000',1,NULL),(589,10.755622751921392,106.70425057411195,'2026-03-28 04:04:15.645000',1,NULL),(590,10.755412112890244,106.70478701591493,'2026-03-28 04:04:22.653000',1,NULL),(591,10.754753292334623,106.7052322626114,'2026-03-28 04:04:23.469000',1,NULL),(592,10.754816539170394,106.70440077781679,'2026-03-28 04:04:24.122000',1,NULL),(593,10.754547740026752,106.70295774936676,'2026-03-28 04:04:25.152000',1,NULL),(594,10.830978537243125,106.66963141982822,'2026-03-28 04:04:36.885000',1,NULL),(595,10.756713748777363,106.70454025268555,'2026-03-28 04:04:58.614000',1,NULL),(596,10.758732357287894,106.70838117599487,'2026-03-28 04:05:10.227000',1,NULL),(597,10.75650292726595,106.70296847820282,'2026-03-28 04:17:31.554000',1,NULL),(598,10.755844109092921,106.7040091753006,'2026-03-28 04:17:40.796000',1,NULL),(599,10.757182900316923,106.70481920242311,'2026-03-28 04:18:01.200000',1,NULL),(600,10.830978863304832,106.66960258253837,'2026-03-28 04:19:31.327000',1,20),(601,10.75474940737999,106.70431494712831,'2026-03-28 04:19:36.812000',1,20);
/*!40000 ALTER TABLE `breadcrumb_logs` ENABLE KEYS */;
UNLOCK TABLES;

--
-- Table structure for table `django_admin_log`
--

DROP TABLE IF EXISTS `django_admin_log`;
/*!40101 SET @saved_cs_client     = @@character_set_client */;
/*!50503 SET character_set_client = utf8mb4 */;
CREATE TABLE `django_admin_log` (
  `id` int NOT NULL AUTO_INCREMENT,
  `action_time` datetime(6) NOT NULL,
  `object_id` longtext,
  `object_repr` varchar(200) NOT NULL,
  `action_flag` smallint unsigned NOT NULL,
  `change_message` longtext NOT NULL,
  `content_type_id` int DEFAULT NULL,
  `user_id` bigint NOT NULL,
  PRIMARY KEY (`id`),
  KEY `django_admin_log_content_type_id_c4bce8eb_fk_django_co` (`content_type_id`),
  KEY `django_admin_log_user_id_c564eba6_fk_users_id` (`user_id`),
  CONSTRAINT `django_admin_log_content_type_id_c4bce8eb_fk_django_co` FOREIGN KEY (`content_type_id`) REFERENCES `django_content_type` (`id`),
  CONSTRAINT `django_admin_log_user_id_c564eba6_fk_users_id` FOREIGN KEY (`user_id`) REFERENCES `users` (`id`),
  CONSTRAINT `django_admin_log_chk_1` CHECK ((`action_flag` >= 0))
) ENGINE=InnoDB AUTO_INCREMENT=69 DEFAULT CHARSET=utf8mb4 COLLATE=utf8mb4_0900_ai_ci;
/*!40101 SET character_set_client = @saved_cs_client */;

--
-- Dumping data for table `django_admin_log`
--

LOCK TABLES `django_admin_log` WRITE;
/*!40000 ALTER TABLE `django_admin_log` DISABLE KEYS */;
INSERT INTO `django_admin_log` VALUES (1,'2026-03-06 15:50:00.775451','1','[Hình ảnh] vi - it2mozls8fnw5cfscwcx.docx',1,'[{\"added\": {}}]',9,1),(2,'2026-03-14 07:28:23.475478','1','Hao Mlem',1,'[{\"added\": {}}]',10,1),(3,'2026-03-21 05:11:23.739243','13','Khu Bún Bò & Phở Sáng',2,'[{\"changed\": {\"fields\": [\"M\\u00f4 t\\u1ea3\"]}}]',10,1),(4,'2026-03-21 05:17:44.547167','13','Khu Bún Bò & Phở Sáng',2,'[{\"changed\": {\"fields\": [\"M\\u00f4 t\\u1ea3\"]}}]',10,1),(5,'2026-03-21 08:35:20.563780','8','? Phố Ẩm Thực Vĩnh Khánh',2,'[]',10,1),(6,'2026-03-21 08:35:41.355987','8','? Phố Ẩm Thực Vĩnh Khánh',2,'[{\"changed\": {\"name\": \"File \\u00e2m thanh\", \"object\": \"\\ud83c\\udf5c Ph\\u1ed1 \\u1ea8m Th\\u1ef1c V\\u0129nh Kh\\u00e1nh [vi/mien_nam] (TTS)\", \"fields\": [\"N\\u1ed9i dung TTS (b\\u1ea3n d\\u1ecbch)\"]}}]',10,1),(7,'2026-03-21 08:40:00.930075','8','? Phố Ẩm Thực Vĩnh Khánh',2,'[]',10,1),(8,'2026-03-21 08:40:52.865078','11','Chùa Vĩnh Khánh Cổ',2,'[]',10,1),(9,'2026-03-21 08:40:52.875278','11','Chùa Vĩnh Khánh Cổ',2,'[]',10,1),(10,'2026-03-21 08:43:50.290351','11','Chùa Vĩnh Khánh Cổ',2,'[]',10,1),(11,'2026-03-21 08:46:52.281619','9','Quán Hải Sản Đêm Vĩnh Khánh',2,'[]',10,1),(12,'2026-03-21 08:46:52.310434','9','Quán Hải Sản Đêm Vĩnh Khánh',2,'[]',10,1),(13,'2026-03-24 13:48:54.321101','8','? Phố Ẩm Thực Vĩnh Khánh',2,'[]',10,1),(14,'2026-03-24 14:22:11.020532','13','Khu Bún Bò & Phở Sáng',2,'[]',10,1),(15,'2026-03-27 16:03:40.740226','3','Ẩm Thực Bình Dân Sài Gòn',2,'[{\"added\": {\"name\": \"\\u0110i\\u1ec3m tham quan c\\u1ee7a Tour\", \"object\": \"\\u1ea8m Th\\u1ef1c B\\u00ecnh D\\u00e2n S\\u00e0i G\\u00f2n - \\ud83c\\udf5c Ph\\u1ed1 \\u1ea8m Th\\u1ef1c V\\u0129nh Kh\\u00e1nh (1)\"}}, {\"added\": {\"name\": \"\\u0110i\\u1ec3m tham quan c\\u1ee7a Tour\", \"object\": \"\\u1ea8m Th\\u1ef1c B\\u00ecnh D\\u00e2n S\\u00e0i G\\u00f2n - Ch\\u00f9a V\\u0129nh Kh\\u00e1nh C\\u1ed5 (2)\"}}, {\"added\": {\"name\": \"\\u0110i\\u1ec3m tham quan c\\u1ee7a Tour\", \"object\": \"\\u1ea8m Th\\u1ef1c B\\u00ecnh D\\u00e2n S\\u00e0i G\\u00f2n - H\\u00fa h\\u00fa kh\\u1eb9c kh\\u1eb9c (3)\"}}]',17,1),(16,'2026-03-27 16:13:17.150272','14','Hú hú khẹc khẹc',2,'[]',10,1),(17,'2026-03-27 16:20:31.109314','8','? Phố Ẩm Thực Vĩnh Khánh',2,'[]',10,1),(18,'2026-03-27 16:40:11.684064','8','? Phố Ẩm Thực Vĩnh Khánh',2,'[]',10,1),(19,'2026-03-27 16:48:18.426603','8','? Phố Ẩm Thực Vĩnh Khánh',2,'[]',10,1),(20,'2026-03-27 16:54:51.118809','15','Test TTS Signal',2,'[{\"changed\": {\"fields\": [\"M\\u00f4 t\\u1ea3\"]}}]',10,1),(21,'2026-03-27 17:12:55.610594','11','Chùa Vĩnh Khánh Cổ',2,'[]',10,1),(22,'2026-03-27 17:13:42.638180','12','Cổng Chào Phố Vĩnh Khánh',2,'[]',10,1),(23,'2026-03-27 17:15:07.243067','10','Góc Chè & Nước Ép Trái Cây',2,'[]',10,1),(24,'2026-03-27 17:17:11.095206','14','Hú hú khẹc khẹc',2,'[]',10,1),(25,'2026-03-27 17:18:21.734327','13','Khu Bún Bò & Phở Sáng',2,'[]',10,1),(26,'2026-03-27 17:20:20.117913','9','Quán Hải Sản Đêm Vĩnh Khánh',2,'[]',10,1),(27,'2026-03-27 21:02:56.316493','8','? Phố Ẩm Thực Vĩnh Khánh',2,'[]',10,1),(28,'2026-03-27 21:08:09.558552','8','? Phố Ẩm Thực Vĩnh Khánh',2,'[]',10,1),(29,'2026-03-27 21:08:23.874178','8','? Phố Ẩm Thực Vĩnh Khánh',2,'[]',10,1),(30,'2026-03-27 21:08:30.430331','12','Cổng Chào Phố Vĩnh Khánh',2,'[]',10,1),(31,'2026-03-27 21:08:38.158703','10','Góc Chè & Nước Ép Trái Cây',2,'[]',10,1),(32,'2026-03-27 21:08:44.717675','14','Hú hú khẹc khẹc',2,'[]',10,1),(33,'2026-03-27 21:08:51.473592','13','Khu Bún Bò & Phở Sáng',2,'[]',10,1),(34,'2026-03-27 21:08:56.692561','13','Khu Bún Bò & Phở Sáng',2,'[]',10,1),(35,'2026-03-27 21:09:01.174375','9','Quán Hải Sản Đêm Vĩnh Khánh',2,'[]',10,1),(36,'2026-03-27 21:09:07.693479','15','Test TTS Signal',2,'[]',10,1),(37,'2026-03-27 21:09:55.865226','1','Xuyên Đêm Phố Vĩnh Khánh',2,'[]',17,1),(38,'2026-03-27 21:10:02.899931','1','Xuyên Đêm Phố Vĩnh Khánh',2,'[]',17,1),(39,'2026-03-27 21:10:07.840205','2','Văn Hóa Phố Quận 4',2,'[]',17,1),(40,'2026-03-27 21:10:11.347255','3','Ẩm Thực Bình Dân Sài Gòn',2,'[]',17,1),(41,'2026-03-27 21:12:47.490153','2','Văn Hóa Phố Quận 4',2,'[]',17,1),(42,'2026-03-27 21:12:51.652294','2','Văn Hóa Phố Quận 4',2,'[]',17,1),(43,'2026-03-27 21:21:38.866293','1','Xuyên Đêm Phố Vĩnh Khánh',2,'[]',17,1),(44,'2026-03-27 21:24:43.945155','8','? Phố Ẩm Thực Vĩnh Khánh',2,'[]',10,1),(45,'2026-03-27 21:28:06.207291','8','? Phố Ẩm Thực Vĩnh Khánh',2,'[]',10,1),(46,'2026-03-27 22:00:19.009706','11','Chùa Vĩnh Khánh Cổ',2,'[{\"changed\": {\"name\": \"File \\u00e2m thanh\", \"object\": \"Ch\\u00f9a V\\u0129nh Kh\\u00e1nh C\\u1ed5 [en/mien_nam] (TTS)\", \"fields\": [\"N\\u1ed9i dung TTS (b\\u1ea3n d\\u1ecbch)\"]}}, {\"changed\": {\"name\": \"File \\u00e2m thanh\", \"object\": \"Ch\\u00f9a V\\u0129nh Kh\\u00e1nh C\\u1ed5 [ja/mien_nam] (TTS)\", \"fields\": [\"N\\u1ed9i dung TTS (b\\u1ea3n d\\u1ecbch)\"]}}, {\"changed\": {\"name\": \"File \\u00e2m thanh\", \"object\": \"Ch\\u00f9a V\\u0129nh Kh\\u00e1nh C\\u1ed5 [ko/] (TTS)\", \"fields\": [\"N\\u1ed9i dung TTS (b\\u1ea3n d\\u1ecbch)\"]}}]',10,1),(47,'2026-03-27 22:00:30.839242','8','? Phố Ẩm Thực Vĩnh Khánh',2,'[]',10,1),(48,'2026-03-27 22:00:53.404792','8','? Phố Ẩm Thực Vĩnh Khánh',2,'[{\"changed\": {\"name\": \"File \\u00e2m thanh\", \"object\": \"\\ud83c\\udf5c Ph\\u1ed1 \\u1ea8m Th\\u1ef1c V\\u0129nh Kh\\u00e1nh [en/mien_nam] (TTS)\", \"fields\": [\"N\\u1ed9i dung TTS (b\\u1ea3n d\\u1ecbch)\"]}}, {\"changed\": {\"name\": \"File \\u00e2m thanh\", \"object\": \"\\ud83c\\udf5c Ph\\u1ed1 \\u1ea8m Th\\u1ef1c V\\u0129nh Kh\\u00e1nh [ja/mien_nam] (TTS)\", \"fields\": [\"N\\u1ed9i dung TTS (b\\u1ea3n d\\u1ecbch)\"]}}]',10,1),(49,'2026-03-27 22:01:32.533417','11','Chùa Vĩnh Khánh Cổ',2,'[{\"changed\": {\"name\": \"File \\u00e2m thanh\", \"object\": \"Ch\\u00f9a V\\u0129nh Kh\\u00e1nh C\\u1ed5 [en/mien_nam] (TTS)\", \"fields\": [\"N\\u1ed9i dung TTS (b\\u1ea3n d\\u1ecbch)\"]}}, {\"changed\": {\"name\": \"File \\u00e2m thanh\", \"object\": \"Ch\\u00f9a V\\u0129nh Kh\\u00e1nh C\\u1ed5 [ja/mien_nam] (TTS)\", \"fields\": [\"N\\u1ed9i dung TTS (b\\u1ea3n d\\u1ecbch)\"]}}]',10,1),(50,'2026-03-27 22:01:38.304531','11','Chùa Vĩnh Khánh Cổ',2,'[{\"changed\": {\"name\": \"File \\u00e2m thanh\", \"object\": \"Ch\\u00f9a V\\u0129nh Kh\\u00e1nh C\\u1ed5 [en/mien_nam] (TTS)\", \"fields\": [\"N\\u1ed9i dung TTS (b\\u1ea3n d\\u1ecbch)\"]}}, {\"changed\": {\"name\": \"File \\u00e2m thanh\", \"object\": \"Ch\\u00f9a V\\u0129nh Kh\\u00e1nh C\\u1ed5 [ja/mien_nam] (TTS)\", \"fields\": [\"N\\u1ed9i dung TTS (b\\u1ea3n d\\u1ecbch)\"]}}]',10,1),(51,'2026-03-27 22:04:05.122050','3','Ẩm Thực Bình Dân Sài Gòn',2,'[]',17,1),(52,'2026-03-27 22:16:31.948072','3','Ẩm Thực Bình Dân Sài Gòn',2,'[]',17,1),(53,'2026-03-27 22:17:33.946322','3','Ẩm Thực Bình Dân Sài Gòn',2,'[]',17,1),(54,'2026-03-27 22:18:23.101606','4','Nơi này ngon nè',1,'[{\"added\": {}}]',17,1),(55,'2026-03-27 22:19:29.028968','4','Nơi này ngon nè',3,'',17,1),(56,'2026-03-27 22:27:57.263756','8','? Phố Ẩm Thực Vĩnh Khánh',2,'[]',10,1),(57,'2026-03-27 22:30:22.027635','8','? Phố Ẩm Thực Vĩnh Khánh',2,'[]',10,1),(58,'2026-03-27 22:32:49.809318','14','Hú hú khẹc khẹc',2,'[{\"changed\": {\"fields\": [\"M\\u00f4 t\\u1ea3\"]}}]',10,1),(59,'2026-03-27 22:35:11.947644','8','? Phố Ẩm Thực Vĩnh Khánh',2,'[{\"changed\": {\"fields\": [\"M\\u00f4 t\\u1ea3\"]}}]',10,1),(60,'2026-03-27 23:00:27.115838','16','Super Baka @ Hú hú khẹc khẹc',2,'[{\"changed\": {\"fields\": [\"Tr\\u1ea1ng th\\u00e1i\"]}}]',13,1),(61,'2026-03-28 02:34:37.090556','3','Ẩm Thực Bình Dân Sài Gòn',2,'[{\"changed\": {\"fields\": [\"Tour Premium\", \"Gi\\u00e1 Premium (VND)\"]}}]',17,1),(62,'2026-03-28 02:35:00.540489','3','Ẩm Thực Bình Dân Sài Gòn',2,'[{\"changed\": {\"fields\": [\"Gi\\u00e1 Premium (VND)\"]}}]',17,1),(63,'2026-03-28 02:36:52.293612','3','Ẩm Thực Bình Dân Sài Gòn',2,'[]',17,1),(64,'2026-03-28 03:01:04.098024','69b279dc-3eb7-46c0-b156-a01c2623d518','Invoice 69b279dc-3eb7-46c0-b156-a01c2623d518 - SUCCESS - 10000000',2,'[{\"changed\": {\"fields\": [\"Status\"]}}]',19,1),(65,'2026-03-28 03:01:28.494044','69b279dc-3eb7-46c0-b156-a01c2623d518','Invoice 69b279dc-3eb7-46c0-b156-a01c2623d518 - SUCCESS - 10000000',3,'',19,1),(66,'2026-03-28 03:01:33.787167','6b0f8e92-b5a1-4a8a-b0d0-716ab4cceb52','Invoice 6b0f8e92-b5a1-4a8a-b0d0-716ab4cceb52 - PENDING - 10000000',3,'',19,1),(67,'2026-03-28 03:01:38.007315','8557be17-4f5c-4ffb-802d-922436ccb90b','Invoice 8557be17-4f5c-4ffb-802d-922436ccb90b - PENDING - 10000000',2,'[]',19,1),(68,'2026-03-28 03:01:55.136449','8557be17-4f5c-4ffb-802d-922436ccb90b','Invoice 8557be17-4f5c-4ffb-802d-922436ccb90b - PENDING - 10000000',3,'',19,1);
/*!40000 ALTER TABLE `django_admin_log` ENABLE KEYS */;
UNLOCK TABLES;

--
-- Table structure for table `django_content_type`
--

DROP TABLE IF EXISTS `django_content_type`;
/*!40101 SET @saved_cs_client     = @@character_set_client */;
/*!50503 SET character_set_client = utf8mb4 */;
CREATE TABLE `django_content_type` (
  `id` int NOT NULL AUTO_INCREMENT,
  `app_label` varchar(100) NOT NULL,
  `model` varchar(100) NOT NULL,
  PRIMARY KEY (`id`),
  UNIQUE KEY `django_content_type_app_label_model_76bd3d3b_uniq` (`app_label`,`model`)
) ENGINE=InnoDB AUTO_INCREMENT=22 DEFAULT CHARSET=utf8mb4 COLLATE=utf8mb4_0900_ai_ci;
/*!40101 SET character_set_client = @saved_cs_client */;

--
-- Dumping data for table `django_content_type`
--

LOCK TABLES `django_content_type` WRITE;
/*!40000 ALTER TABLE `django_content_type` DISABLE KEYS */;
INSERT INTO `django_content_type` VALUES (1,'admin','logentry'),(11,'analytics','breadcrumblog'),(12,'analytics','narrationlog'),(3,'auth','group'),(2,'auth','permission'),(4,'contenttypes','contenttype'),(9,'core','media'),(19,'payments','invoice'),(21,'payments','tourpurchase'),(14,'pois','media'),(13,'pois','partner'),(15,'pois','partnerinteraction'),(16,'pois','partnerintromedia'),(10,'pois','poi'),(5,'sessions','session'),(6,'token_blacklist','blacklistedtoken'),(7,'token_blacklist','outstandingtoken'),(17,'tours','tour'),(18,'tours','tour_poi'),(20,'tours','tourreview'),(8,'users','user');
/*!40000 ALTER TABLE `django_content_type` ENABLE KEYS */;
UNLOCK TABLES;

--
-- Table structure for table `django_migrations`
--

DROP TABLE IF EXISTS `django_migrations`;
/*!40101 SET @saved_cs_client     = @@character_set_client */;
/*!50503 SET character_set_client = utf8mb4 */;
CREATE TABLE `django_migrations` (
  `id` bigint NOT NULL AUTO_INCREMENT,
  `app` varchar(255) NOT NULL,
  `name` varchar(255) NOT NULL,
  `applied` datetime(6) NOT NULL,
  PRIMARY KEY (`id`)
) ENGINE=InnoDB AUTO_INCREMENT=60 DEFAULT CHARSET=utf8mb4 COLLATE=utf8mb4_0900_ai_ci;
/*!40101 SET character_set_client = @saved_cs_client */;

--
-- Dumping data for table `django_migrations`
--

LOCK TABLES `django_migrations` WRITE;
/*!40000 ALTER TABLE `django_migrations` DISABLE KEYS */;
INSERT INTO `django_migrations` VALUES (1,'contenttypes','0001_initial','2026-03-06 15:15:39.355407'),(2,'contenttypes','0002_remove_content_type_name','2026-03-06 15:15:39.425478'),(3,'auth','0001_initial','2026-03-06 15:15:39.746604'),(4,'auth','0002_alter_permission_name_max_length','2026-03-06 15:15:39.809139'),(5,'auth','0003_alter_user_email_max_length','2026-03-06 15:15:39.815839'),(6,'auth','0004_alter_user_username_opts','2026-03-06 15:15:39.823081'),(7,'auth','0005_alter_user_last_login_null','2026-03-06 15:15:39.829034'),(8,'auth','0006_require_contenttypes_0002','2026-03-06 15:15:39.833782'),(9,'auth','0007_alter_validators_add_error_messages','2026-03-06 15:15:39.839606'),(10,'auth','0008_alter_user_username_max_length','2026-03-06 15:15:39.845244'),(11,'auth','0009_alter_user_last_name_max_length','2026-03-06 15:15:39.851741'),(12,'auth','0010_alter_group_name_max_length','2026-03-06 15:15:39.867652'),(13,'auth','0011_update_proxy_permissions','2026-03-06 15:15:39.874730'),(14,'auth','0012_alter_user_first_name_max_length','2026-03-06 15:15:39.881415'),(15,'users','0001_initial','2026-03-06 15:15:40.238619'),(16,'admin','0001_initial','2026-03-06 15:15:40.387721'),(17,'admin','0002_logentry_remove_auto_add','2026-03-06 15:15:40.392633'),(18,'admin','0003_logentry_add_action_flag_choices','2026-03-06 15:15:40.401469'),(19,'sessions','0001_initial','2026-03-06 15:15:40.439638'),(20,'token_blacklist','0001_initial','2026-03-06 15:15:40.600227'),(21,'token_blacklist','0002_outstandingtoken_jti_hex','2026-03-06 15:15:40.623764'),(22,'token_blacklist','0003_auto_20171017_2007','2026-03-06 15:15:40.639204'),(23,'token_blacklist','0004_auto_20171017_2013','2026-03-06 15:15:40.718554'),(24,'token_blacklist','0005_remove_outstandingtoken_jti','2026-03-06 15:15:40.778548'),(25,'token_blacklist','0006_auto_20171017_2113','2026-03-06 15:15:40.800387'),(26,'token_blacklist','0007_auto_20171017_2214','2026-03-06 15:15:41.059045'),(27,'token_blacklist','0008_migrate_to_bigautofield','2026-03-06 15:15:41.308685'),(28,'token_blacklist','0010_fix_migrate_to_bigautofield','2026-03-06 15:15:41.316351'),(29,'token_blacklist','0011_linearizes_history','2026-03-06 15:15:41.320829'),(30,'token_blacklist','0012_alter_outstandingtoken_user','2026-03-06 15:15:41.332778'),(31,'token_blacklist','0013_alter_blacklistedtoken_options_and_more','2026-03-06 15:15:41.343123'),(32,'core','0001_initial','2026-03-06 15:49:20.020911'),(33,'pois','0001_initial','2026-03-14 03:01:05.444805'),(34,'analytics','0001_initial','2026-03-14 03:01:05.714040'),(35,'pois','0002_partner_media','2026-03-14 03:42:18.382659'),(36,'pois','0003_partnerinteraction_partnerintromedia_and_more','2026-03-21 04:51:33.706671'),(37,'pois','0004_align_partner_with_erd','2026-03-21 04:51:34.071140'),(38,'pois','0005_partner_status_pending_approval','2026-03-21 04:51:34.075281'),(39,'tours','0001_initial','2026-03-21 04:51:34.157750'),(40,'tours','0002_tour_poi','2026-03-21 04:51:34.336440'),(41,'tours','0003_alter_tour_poi_sequence_order','2026-03-21 04:51:34.349237'),(42,'tours','0004_tour_description_estimated_duration_min','2026-03-21 04:51:34.399125'),(43,'tours','0005_tour_poi_unique_order_per_tour','2026-03-21 04:51:34.420947'),(44,'tours','0006_tour_poi_unique_poi_per_tour','2026-03-21 04:51:34.439424'),(45,'core','0002_remove_media_poi_id_media_poi','2026-03-21 04:58:30.500253'),(46,'pois','0006_add_partner_intro_text','2026-03-21 06:28:53.789936'),(47,'analytics','0002_allow_anonymous_user','2026-03-21 06:37:11.839334'),(48,'pois','0007_add_partner_qr_url','2026-03-21 06:54:55.875188'),(49,'pois','0008_add_media_tts_content','2026-03-21 08:17:02.335642'),(50,'payments','0001_initial','2026-03-27 15:20:31.399734'),(51,'payments','0002_add_sample_invoice','2026-03-27 15:20:31.424853'),(52,'pois','0009_poi_owner','2026-03-27 15:37:14.899866'),(53,'pois','0010_partner_user_and_nullable_poi','2026-03-27 15:37:15.217160'),(54,'pois','0011_partner_address','2026-03-27 15:37:15.250403'),(55,'tours','0007_tourreview','2026-03-27 17:55:59.990454'),(56,'pois','0012_media_translated_name','2026-03-27 21:02:00.559435'),(57,'tours','0008_tour_translated_description_tour_translated_name','2026-03-27 21:02:00.740414'),(58,'tours','0009_tour_is_premium_tour_premium_price','2026-03-28 02:25:34.740908'),(59,'payments','0003_tourpurchase','2026-03-28 02:25:34.989874');
/*!40000 ALTER TABLE `django_migrations` ENABLE KEYS */;
UNLOCK TABLES;

--
-- Table structure for table `django_session`
--

DROP TABLE IF EXISTS `django_session`;
/*!40101 SET @saved_cs_client     = @@character_set_client */;
/*!50503 SET character_set_client = utf8mb4 */;
CREATE TABLE `django_session` (
  `session_key` varchar(40) NOT NULL,
  `session_data` longtext NOT NULL,
  `expire_date` datetime(6) NOT NULL,
  PRIMARY KEY (`session_key`),
  KEY `django_session_expire_date_a5c62663` (`expire_date`)
) ENGINE=InnoDB DEFAULT CHARSET=utf8mb4 COLLATE=utf8mb4_0900_ai_ci;
/*!40101 SET character_set_client = @saved_cs_client */;

--
-- Dumping data for table `django_session`
--

LOCK TABLES `django_session` WRITE;
/*!40000 ALTER TABLE `django_session` DISABLE KEYS */;
INSERT INTO `django_session` VALUES ('98xmylv9lu51o6s7f3mxqo5j3pjnxcjm','.eJxVjDsOwyAQRO9CHaGFxWBSpvcZEJ8lOIlAMnYV5e6xJRdJN5r3Zt7M-W0tbuu0uDmxKxPs8tsFH59UD5Aevt4bj62uyxz4ofCTdj61RK_b6f4dFN_Lvg6UEbXNOmsklDkqA2IgAhAjAKZojTBSqgGERj0GvUcjLIGVKvlk2OcLwzY2gA:1vyWy0:o9mfovO9jG_ZDv2bZKcEQrOCq0ctATlHljXoXjhb0iQ','2026-03-20 15:19:52.700403'),('b8y41r25n75rd1nmusobzl8rh6m3j3ek','.eJxVjDsOwyAQRO9CHaGFxWBSpvcZEJ8lOIlAMnYV5e6xJRdJN5r3Zt7M-W0tbuu0uDmxKxPs8tsFH59UD5Aevt4bj62uyxz4ofCTdj61RK_b6f4dFN_Lvg6UEbXNOmsklDkqA2IgAhAjAKZojTBSqgGERj0GvUcjLIGVKvlk2OcLwzY2gA:1w6Kyf:iFlIY-1tHPSzQaSLbgyaSipn_dOwJWtQ-JzcGV_41dY','2026-04-11 04:08:49.141758'),('jlzwdrbomfpa0jfcx89kydl6qjqks6rn','.eJxVjDsOwyAQRO9CHaGFxWBSpvcZEJ8lOIlAMnYV5e6xJRdJN5r3Zt7M-W0tbuu0uDmxKxPs8tsFH59UD5Aevt4bj62uyxz4ofCTdj61RK_b6f4dFN_Lvg6UEbXNOmsklDkqA2IgAhAjAKZojTBSqgGERj0GvUcjLIGVKvlk2OcLwzY2gA:1w1FV5:o9eDKlZ2OCVwdPIaJQFUI9vQ-fQ-5TJF4hXZjGM-_uo','2026-03-28 03:17:15.386896');
/*!40000 ALTER TABLE `django_session` ENABLE KEYS */;
UNLOCK TABLES;

--
-- Table structure for table `invoices`
--

DROP TABLE IF EXISTS `invoices`;
/*!40101 SET @saved_cs_client     = @@character_set_client */;
/*!50503 SET character_set_client = utf8mb4 */;
CREATE TABLE `invoices` (
  `id` char(32) NOT NULL,
  `reason` varchar(255) NOT NULL,
  `amount` bigint unsigned NOT NULL,
  `status` varchar(20) NOT NULL,
  `transaction_code` varchar(100) NOT NULL,
  `paid_at` datetime(6) DEFAULT NULL,
  `created_at` datetime(6) NOT NULL,
  `updated_at` datetime(6) NOT NULL,
  `user_id` bigint DEFAULT NULL,
  PRIMARY KEY (`id`),
  KEY `invoices_user_id_ff8879b0_fk_users_id` (`user_id`),
  CONSTRAINT `invoices_user_id_ff8879b0_fk_users_id` FOREIGN KEY (`user_id`) REFERENCES `users` (`id`),
  CONSTRAINT `invoices_chk_1` CHECK ((`amount` >= 0))
) ENGINE=InnoDB DEFAULT CHARSET=utf8mb4 COLLATE=utf8mb4_0900_ai_ci;
/*!40101 SET character_set_client = @saved_cs_client */;

--
-- Dumping data for table `invoices`
--

LOCK TABLES `invoices` WRITE;
/*!40000 ALTER TABLE `invoices` DISABLE KEYS */;
INSERT INTO `invoices` VALUES ('123e4567e89b12d3a456426614174000','Đặt món ăn',59000,'PENDING','',NULL,'2026-03-27 15:20:31.407775','2026-03-27 15:20:31.407775',NULL),('94f802af4ec244ca86314f9fe24f0618','Mua tour premium: Ẩm Thực Bình Dân Sài Gòn',10000000,'SUCCESS','3AW05108L2247974U','2026-03-28 03:35:58.597969','2026-03-28 03:05:15.539997','2026-03-28 03:05:15.539997',20);
/*!40000 ALTER TABLE `invoices` ENABLE KEYS */;
UNLOCK TABLES;

--
-- Table structure for table `media`
--

DROP TABLE IF EXISTS `media`;
/*!40101 SET @saved_cs_client     = @@character_set_client */;
/*!50503 SET character_set_client = utf8mb4 */;
CREATE TABLE `media` (
  `id` bigint NOT NULL AUTO_INCREMENT,
  `file` varchar(255) NOT NULL,
  `language` varchar(10) NOT NULL,
  `voice_region` varchar(50) NOT NULL,
  `media_type` varchar(10) NOT NULL,
  `status` int NOT NULL,
  `created_at` datetime(6) NOT NULL,
  `updated_at` datetime(6) NOT NULL,
  `poi_id` bigint DEFAULT NULL,
  PRIMARY KEY (`id`),
  KEY `media_poi_id_d04afa07_fk_pois_id` (`poi_id`),
  CONSTRAINT `media_poi_id_d04afa07_fk_pois_id` FOREIGN KEY (`poi_id`) REFERENCES `pois` (`id`)
) ENGINE=InnoDB AUTO_INCREMENT=2 DEFAULT CHARSET=utf8mb4 COLLATE=utf8mb4_0900_ai_ci;
/*!40101 SET character_set_client = @saved_cs_client */;

--
-- Dumping data for table `media`
--

LOCK TABLES `media` WRITE;
/*!40000 ALTER TABLE `media` DISABLE KEYS */;
INSERT INTO `media` VALUES (1,'raw/upload/v1772812200/it2mozls8fnw5cfscwcx.docx','vi','Miền Nam','image',1,'2026-03-06 15:50:00.773416','2026-03-06 15:50:00.773416',NULL);
/*!40000 ALTER TABLE `media` ENABLE KEYS */;
UNLOCK TABLES;

--
-- Table structure for table `narration_logs`
--

DROP TABLE IF EXISTS `narration_logs`;
/*!40101 SET @saved_cs_client     = @@character_set_client */;
/*!50503 SET character_set_client = utf8mb4 */;
CREATE TABLE `narration_logs` (
  `id` bigint NOT NULL AUTO_INCREMENT,
  `start_time` datetime(6) NOT NULL,
  `duration` int DEFAULT NULL,
  `trigger_type` varchar(10) NOT NULL,
  `status` int NOT NULL,
  `poi_id` bigint NOT NULL,
  `user_id` bigint DEFAULT NULL,
  PRIMARY KEY (`id`),
  KEY `narration_logs_poi_id_ce50e83d_fk_pois_id` (`poi_id`),
  KEY `narration_antispam_idx` (`user_id`,`poi_id`,`trigger_type`,`start_time`),
  CONSTRAINT `narration_logs_poi_id_ce50e83d_fk_pois_id` FOREIGN KEY (`poi_id`) REFERENCES `pois` (`id`),
  CONSTRAINT `narration_logs_user_id_b32d5dd8_fk_users_id` FOREIGN KEY (`user_id`) REFERENCES `users` (`id`)
) ENGINE=InnoDB AUTO_INCREMENT=269 DEFAULT CHARSET=utf8mb4 COLLATE=utf8mb4_0900_ai_ci;
/*!40101 SET character_set_client = @saved_cs_client */;

--
-- Dumping data for table `narration_logs`
--

LOCK TABLES `narration_logs` WRITE;
/*!40000 ALTER TABLE `narration_logs` DISABLE KEYS */;
INSERT INTO `narration_logs` VALUES (1,'2026-03-21 06:53:40.164000',NULL,'AUTO',1,9,NULL),(2,'2026-03-21 06:57:57.513000',NULL,'QR',1,11,NULL),(3,'2026-03-21 06:58:28.505000',NULL,'QR',1,11,NULL),(4,'2026-03-21 07:00:13.545000',NULL,'AUTO',1,11,NULL),(5,'2026-03-21 07:00:35.070000',NULL,'AUTO',1,8,NULL),(6,'2026-03-21 07:00:40.325000',NULL,'QR',1,13,NULL),(7,'2026-03-21 07:03:30.071000',NULL,'QR',1,8,NULL),(8,'2026-03-21 07:23:09.780000',NULL,'AUTO',1,8,NULL),(9,'2026-03-21 07:23:22.253000',NULL,'QR',1,8,NULL),(10,'2026-03-21 07:23:32.697000',NULL,'AUTO',1,13,NULL),(11,'2026-03-21 07:41:06.957000',NULL,'QR',1,8,NULL),(12,'2026-03-21 08:12:08.772000',NULL,'QR',1,8,NULL),(13,'2026-03-21 08:12:19.440000',NULL,'AUTO',1,9,NULL),(14,'2026-03-21 08:12:25.519000',NULL,'QR',1,8,NULL),(15,'2026-03-21 08:25:04.107000',NULL,'AUTO',1,11,NULL),(16,'2026-03-27 16:04:23.564000',NULL,'AUTO',1,8,5),(17,'2026-03-27 16:04:30.552000',NULL,'AUTO',1,11,5),(18,'2026-03-27 16:04:34.319000',NULL,'AUTO',1,14,5),(19,'2026-03-27 16:04:54.090000',NULL,'QR',1,8,5),(20,'2026-03-27 16:50:22.259000',NULL,'QR',1,10,5),(21,'2026-03-27 16:52:19.565000',NULL,'QR',1,10,5),(22,'2026-03-27 16:55:42.766000',NULL,'QR',1,10,5),(23,'2026-03-27 16:55:47.182000',NULL,'QR',1,8,5),(24,'2026-03-27 16:56:05.224000',NULL,'QR',1,8,5),(25,'2026-03-27 16:56:10.564000',NULL,'AUTO',1,8,5),(26,'2026-03-27 17:02:32.373000',NULL,'QR',1,10,5),(27,'2026-03-27 17:02:39.791000',NULL,'QR',1,8,5),(28,'2026-03-27 17:02:48.900000',NULL,'QR',1,8,5),(29,'2026-03-27 17:05:10.244000',NULL,'QR',1,8,5),(30,'2026-03-27 17:08:38.561000',NULL,'QR',1,10,5),(31,'2026-03-27 17:12:02.441000',NULL,'QR',1,8,5),(32,'2026-03-27 17:12:10.908000',NULL,'QR',1,10,5),(33,'2026-03-27 17:12:15.203000',NULL,'QR',1,11,5),(34,'2026-03-27 17:12:17.655000',NULL,'QR',1,8,5),(35,'2026-03-27 17:12:21.457000',NULL,'QR',1,9,5),(36,'2026-03-27 17:14:44.872000',NULL,'QR',1,10,5),(37,'2026-03-27 17:15:00.481000',NULL,'QR',1,13,5),(38,'2026-03-27 17:15:59.069000',NULL,'QR',1,9,5),(39,'2026-03-27 17:16:16.770000',NULL,'QR',1,8,5),(40,'2026-03-27 17:16:27.184000',NULL,'QR',1,10,5),(41,'2026-03-27 17:16:31.591000',NULL,'QR',1,8,5),(42,'2026-03-27 17:16:37.805000',NULL,'QR',1,14,5),(43,'2026-03-27 17:19:31.395000',NULL,'QR',1,13,NULL),(44,'2026-03-27 17:19:39.196000',NULL,'QR',1,9,NULL),(45,'2026-03-27 17:19:47.750000',NULL,'QR',1,10,NULL),(46,'2026-03-27 17:20:08.630000',NULL,'QR',1,13,NULL),(47,'2026-03-27 17:20:12.554000',NULL,'QR',1,11,NULL),(48,'2026-03-27 17:20:22.294000',NULL,'QR',1,8,NULL),(49,'2026-03-27 17:20:25.624000',NULL,'QR',1,10,NULL),(50,'2026-03-27 17:20:28.044000',NULL,'AUTO',1,8,NULL),(51,'2026-03-27 17:20:30.476000',NULL,'QR',1,10,NULL),(52,'2026-03-27 17:20:33.697000',NULL,'QR',1,14,NULL),(53,'2026-03-27 17:20:38.178000',NULL,'QR',1,11,NULL),(54,'2026-03-27 17:20:42.318000',NULL,'QR',1,13,NULL),(55,'2026-03-27 17:21:02.969000',NULL,'QR',1,8,NULL),(56,'2026-03-27 17:21:12.150000',NULL,'QR',1,9,NULL),(57,'2026-03-27 17:22:21.818000',NULL,'QR',1,10,NULL),(58,'2026-03-27 17:22:43.983000',NULL,'AUTO',1,11,NULL),(59,'2026-03-27 17:22:49.411000',NULL,'AUTO',1,13,NULL),(60,'2026-03-27 17:22:52.156000',NULL,'AUTO',1,14,NULL),(61,'2026-03-27 17:23:25.756000',NULL,'AUTO',1,9,NULL),(62,'2026-03-27 17:24:17.829000',NULL,'QR',1,10,NULL),(63,'2026-03-27 17:24:27.633000',NULL,'AUTO',1,8,NULL),(64,'2026-03-27 17:24:34.470000',NULL,'AUTO',1,11,NULL),(65,'2026-03-27 18:32:47.754000',0,'AUTO',1,8,6),(66,'2026-03-27 18:42:22.712000',NULL,'QR',1,9,6),(67,'2026-03-27 18:42:24.219000',0,'AUTO',1,9,6),(68,'2026-03-27 18:42:28.234000',0,'AUTO',1,11,6),(69,'2026-03-27 18:42:32.004000',NULL,'QR',1,10,6),(70,'2026-03-27 18:42:33.901000',NULL,'QR',1,10,6),(71,'2026-03-27 18:42:35.245000',0,'QR',1,10,6),(72,'2026-03-27 18:42:53.047000',NULL,'QR',1,9,6),(73,'2026-03-27 18:42:59.040000',NULL,'QR',1,9,6),(74,'2026-03-27 18:43:00.054000',NULL,'QR',1,9,6),(75,'2026-03-27 18:57:45.709000',NULL,'QR',1,10,6),(76,'2026-03-27 18:57:55.040000',NULL,'QR',1,9,6),(77,'2026-03-27 18:58:01.836000',NULL,'AUTO',1,14,6),(78,'2026-03-27 18:58:06.895000',0,'QR',1,13,6),(79,'2026-03-27 18:58:24.335000',NULL,'QR',1,8,6),(80,'2026-03-27 18:58:29.904000',0,'QR',1,10,6),(81,'2026-03-27 18:58:32.969000',0,'QR',1,11,6),(82,'2026-03-27 19:05:37.513000',NULL,'AUTO',1,8,6),(83,'2026-03-27 19:05:55.095000',NULL,'QR',1,10,6),(84,'2026-03-27 19:05:57.200000',NULL,'QR',1,10,6),(85,'2026-03-27 19:05:57.966000',NULL,'QR',1,10,6),(86,'2026-03-27 19:05:58.699000',0,'QR',1,10,6),(87,'2026-03-27 19:06:02.074000',NULL,'QR',1,8,6),(88,'2026-03-27 19:06:03.944000',0,'QR',1,8,6),(89,'2026-03-27 19:06:09.495000',NULL,'AUTO',1,13,6),(90,'2026-03-27 19:06:28.736000',NULL,'QR',1,10,6),(91,'2026-03-27 19:06:33.470000',NULL,'QR',1,9,6),(92,'2026-03-27 19:06:34.992000',NULL,'QR',1,9,6),(93,'2026-03-27 19:12:58.093000',NULL,'AUTO',1,11,6),(94,'2026-03-27 19:13:03.186000',0,'QR',1,9,6),(95,'2026-03-27 19:13:06.883000',NULL,'QR',1,8,6),(96,'2026-03-27 19:13:08.077000',NULL,'QR',1,8,6),(97,'2026-03-27 19:13:08.810000',NULL,'QR',1,8,6),(98,'2026-03-27 19:13:11.488000',NULL,'QR',1,14,6),(99,'2026-03-27 19:13:17.869000',0,'QR',1,13,6),(100,'2026-03-27 19:13:22.935000',NULL,'QR',1,9,6),(101,'2026-03-27 19:13:24.055000',0,'QR',1,9,6),(102,'2026-03-27 19:53:44.362000',NULL,'QR',1,10,7),(103,'2026-03-27 19:54:16.830000',NULL,'QR',1,8,7),(104,'2026-03-27 20:03:36.236000',NULL,'QR',1,10,7),(105,'2026-03-27 20:03:37.449000',0,'QR',1,10,7),(106,'2026-03-27 20:03:59.153000',0,'QR',1,10,7),(107,'2026-03-27 20:04:04.239000',0,'AUTO',1,8,7),(108,'2026-03-27 20:04:38.808000',NULL,'AUTO',1,8,10),(109,'2026-03-27 20:11:25.106000',NULL,'AUTO',1,10,10),(110,'2026-03-27 20:11:28.098000',NULL,'QR',1,10,10),(111,'2026-03-27 20:16:10.795000',0,'AUTO',1,11,10),(112,'2026-03-27 20:16:14.746000',0,'AUTO',1,14,10),(113,'2026-03-27 20:16:20.543000',NULL,'QR',1,11,10),(114,'2026-03-27 20:16:22.169000',NULL,'QR',1,11,10),(115,'2026-03-27 20:16:33.789000',0,'AUTO',1,12,10),(116,'2026-03-27 20:17:07.487000',NULL,'AUTO',1,13,10),(117,'2026-03-27 20:17:47.829000',0,'AUTO',1,8,12),(118,'2026-03-27 20:17:54.669000',0,'AUTO',1,14,12),(119,'2026-03-27 20:17:58.755000',NULL,'AUTO',1,11,12),(120,'2026-03-27 20:20:50.038000',0,'AUTO',1,13,12),(121,'2026-03-27 20:21:20.312000',0,'AUTO',1,12,12),(122,'2026-03-27 20:25:56.376000',NULL,'AUTO',1,9,12),(123,'2026-03-27 20:26:15.520000',0,'AUTO',1,14,NULL),(124,'2026-03-27 20:27:10.166000',NULL,'AUTO',1,12,NULL),(125,'2026-03-27 20:29:43.777000',NULL,'AUTO',1,8,14),(126,'2026-03-27 20:29:53.543000',NULL,'AUTO',1,10,14),(127,'2026-03-27 20:37:13.156000',NULL,'AUTO',1,11,14),(128,'2026-03-27 20:37:21.793000',NULL,'AUTO',1,13,14),(129,'2026-03-27 20:49:10.397000',NULL,'AUTO',1,8,16),(130,'2026-03-27 20:49:32.167000',NULL,'AUTO',1,14,16),(131,'2026-03-27 20:49:36.718000',NULL,'AUTO',1,13,16),(132,'2026-03-27 20:49:55.221000',NULL,'AUTO',1,11,16),(133,'2026-03-27 21:27:28.022000',NULL,'AUTO',1,8,16),(134,'2026-03-27 22:12:41.453000',NULL,'AUTO',1,9,NULL),(135,'2026-03-27 22:12:47.454000',NULL,'AUTO',1,10,NULL),(136,'2026-03-27 22:13:00.430000',NULL,'AUTO',1,9,NULL),(137,'2026-03-27 22:13:16.162000',NULL,'AUTO',1,9,NULL),(138,'2026-03-27 22:20:02.426000',NULL,'AUTO',1,8,NULL),(139,'2026-03-27 22:20:13.022000',NULL,'AUTO',1,11,NULL),(140,'2026-03-27 22:20:16.553000',NULL,'AUTO',1,8,NULL),(141,'2026-03-27 22:26:17.233000',NULL,'QR',1,8,16),(142,'2026-03-27 22:26:17.282000',NULL,'QR',1,8,16),(143,'2026-03-27 22:27:20.158000',NULL,'AUTO',1,8,16),(144,'2026-03-27 22:27:28.588000',NULL,'AUTO',1,12,16),(145,'2026-03-27 22:29:32.197000',NULL,'AUTO',1,9,16),(146,'2026-03-27 22:31:07.968000',NULL,'AUTO',1,10,16),(147,'2026-03-27 22:31:41.364000',NULL,'AUTO',1,11,16),(148,'2026-03-27 22:50:21.262000',NULL,'AUTO',1,8,16),(149,'2026-03-27 22:50:27.658000',NULL,'AUTO',1,10,16),(150,'2026-03-27 22:50:42.204000',NULL,'AUTO',1,11,16),(151,'2026-03-27 22:50:48.887000',NULL,'AUTO',1,14,16),(152,'2026-03-27 23:04:33.416000',NULL,'AUTO',1,10,16),(153,'2026-03-27 23:05:31.808000',NULL,'AUTO',1,9,16),(154,'2026-03-27 23:11:43.393000',NULL,'QR',1,14,16),(155,'2026-03-27 23:11:43.394000',NULL,'QR',1,14,16),(156,'2026-03-27 23:11:56.453000',NULL,'QR',1,14,16),(157,'2026-03-27 23:11:56.565000',NULL,'QR',1,14,16),(158,'2026-03-27 23:12:06.036000',NULL,'QR',1,14,16),(159,'2026-03-27 23:12:13.188000',NULL,'QR',1,14,16),(160,'2026-03-27 23:14:24.525000',NULL,'QR',1,14,16),(161,'2026-03-27 23:14:24.529000',NULL,'QR',1,14,16),(162,'2026-03-27 23:14:35.160000',NULL,'QR',1,14,16),(163,'2026-03-27 23:14:39.409000',NULL,'QR',1,14,16),(164,'2026-03-27 23:14:44.881000',NULL,'AUTO',1,13,16),(165,'2026-03-27 23:14:49.110000',NULL,'AUTO',1,10,16),(166,'2026-03-27 23:14:54.032000',NULL,'AUTO',1,8,16),(167,'2026-03-27 23:14:59.968000',NULL,'QR',1,14,16),(168,'2026-03-27 23:17:10.730000',NULL,'QR',1,14,16),(169,'2026-03-27 23:17:10.819000',NULL,'QR',1,14,16),(170,'2026-03-27 23:17:36.416000',NULL,'QR',1,14,16),(171,'2026-03-27 23:21:04.905000',NULL,'QR',1,14,16),(172,'2026-03-27 23:21:05.047000',NULL,'QR',1,14,16),(173,'2026-03-27 23:21:30.123000',NULL,'AUTO',1,11,16),(174,'2026-03-27 23:21:34.563000',NULL,'QR',1,14,16),(175,'2026-03-27 23:21:38.032000',NULL,'QR',1,14,16),(176,'2026-03-27 23:21:44.223000',NULL,'QR',1,14,16),(177,'2026-03-27 23:23:46.684000',NULL,'AUTO',1,14,16),(178,'2026-03-27 23:24:08.680000',NULL,'QR',1,14,NULL),(179,'2026-03-27 23:24:36.845000',NULL,'QR',1,14,15),(180,'2026-03-27 23:25:34.960000',NULL,'AUTO',1,11,15),(181,'2026-03-27 23:25:48.956000',NULL,'QR',1,14,15),(182,'2026-03-27 23:25:53.335000',NULL,'QR',1,14,15),(183,'2026-03-27 23:34:15.247000',NULL,'AUTO',1,14,21),(184,'2026-03-27 23:34:22.189000',NULL,'QR',1,14,21),(185,'2026-03-27 23:43:58.306000',NULL,'AUTO',1,8,21),(186,'2026-03-27 23:44:26.138000',NULL,'AUTO',1,14,21),(187,'2026-03-27 23:44:30.567000',NULL,'AUTO',1,11,21),(188,'2026-03-27 23:45:13.967000',NULL,'AUTO',1,9,21),(189,'2026-03-27 23:45:21.293000',NULL,'AUTO',1,10,21),(190,'2026-03-27 23:45:28.640000',NULL,'AUTO',1,13,21),(191,'2026-03-27 23:45:33.908000',NULL,'QR',1,8,21),(192,'2026-03-27 23:55:25.189000',NULL,'AUTO',1,8,21),(193,'2026-03-28 00:04:11.678000',NULL,'AUTO',1,8,21),(194,'2026-03-28 00:04:24.943000',NULL,'AUTO',1,14,21),(195,'2026-03-28 00:04:28.792000',NULL,'AUTO',1,13,21),(196,'2026-03-28 00:04:34.571000',NULL,'AUTO',1,11,21),(197,'2026-03-28 00:04:51.868000',NULL,'QR',1,13,21),(198,'2026-03-28 00:05:06.291000',NULL,'QR',1,8,21),(199,'2026-03-28 00:05:16.363000',NULL,'QR',1,11,21),(200,'2026-03-28 00:46:48.418000',NULL,'AUTO',1,8,22),(201,'2026-03-28 00:47:20.900000',NULL,'AUTO',1,8,24),(202,'2026-03-28 00:47:35.942000',NULL,'AUTO',1,8,26),(203,'2026-03-28 00:47:43.761000',NULL,'AUTO',1,8,27),(204,'2026-03-28 00:47:49.191000',NULL,'AUTO',1,9,27),(205,'2026-03-28 00:48:16.425000',NULL,'AUTO',1,11,27),(206,'2026-03-28 00:48:45.433000',NULL,'QR',1,8,27),(207,'2026-03-28 00:48:53.230000',NULL,'QR',1,9,27),(208,'2026-03-28 00:49:13.469000',NULL,'AUTO',1,12,27),(209,'2026-03-28 00:49:22.537000',NULL,'AUTO',1,8,28),(210,'2026-03-28 00:51:23.588000',NULL,'AUTO',1,13,27),(211,'2026-03-28 00:51:45.231000',NULL,'AUTO',1,9,26),(212,'2026-03-28 00:51:48.021000',NULL,'AUTO',1,14,27),(213,'2026-03-28 00:56:22.741000',NULL,'AUTO',1,8,26),(214,'2026-03-28 00:56:37.039000',NULL,'AUTO',1,8,NULL),(215,'2026-03-28 01:01:20.555000',NULL,'AUTO',1,10,NULL),(216,'2026-03-28 01:01:22.029000',NULL,'QR',1,10,NULL),(217,'2026-03-28 01:01:36.217000',NULL,'AUTO',1,9,32),(218,'2026-03-28 01:01:40.558000',NULL,'AUTO',1,9,27),(219,'2026-03-28 01:02:18.347000',NULL,'AUTO',1,8,27),(220,'2026-03-28 01:02:37.678000',NULL,'AUTO',1,13,27),(221,'2026-03-28 01:02:39.028000',NULL,'AUTO',1,8,32),(222,'2026-03-28 01:03:07.379000',NULL,'QR',1,8,32),(223,'2026-03-28 01:03:25.389000',NULL,'QR',1,8,32),(224,'2026-03-28 01:03:33.570000',NULL,'QR',1,8,32),(225,'2026-03-28 01:20:53.946000',NULL,'AUTO',1,8,22),(226,'2026-03-28 01:26:38.657000',NULL,'AUTO',1,8,27),(227,'2026-03-28 01:26:49.759000',NULL,'QR',1,8,27),(228,'2026-03-28 01:47:13.079000',NULL,'AUTO',1,8,27),(229,'2026-03-28 01:48:09.198000',NULL,'QR',1,14,27),(230,'2026-03-28 01:48:21.892000',NULL,'QR',1,14,27),(231,'2026-03-28 01:52:31.329000',NULL,'AUTO',1,8,20),(232,'2026-03-28 01:54:51.412000',NULL,'QR',1,14,NULL),(233,'2026-03-28 01:55:11.268000',NULL,'QR',1,14,NULL),(234,'2026-03-28 01:55:21.605000',0,'QR',1,14,NULL),(235,'2026-03-28 01:55:29.298000',NULL,'QR',1,14,NULL),(236,'2026-03-28 02:03:35.132000',NULL,'QR',1,14,NULL),(237,'2026-03-28 02:05:04.743000',NULL,'QR',1,14,20),(238,'2026-03-28 02:05:04.959000',NULL,'QR',1,14,20),(239,'2026-03-28 02:21:29.674000',NULL,'AUTO',1,8,NULL),(240,'2026-03-28 02:24:00.276000',NULL,'QR',1,14,NULL),(241,'2026-03-28 02:24:15.890000',NULL,'QR',1,14,NULL),(242,'2026-03-28 02:24:15.916000',NULL,'QR',1,14,NULL),(243,'2026-03-28 02:24:23.747000',NULL,'QR',1,14,NULL),(244,'2026-03-28 02:24:27.701000',NULL,'AUTO',1,13,NULL),(245,'2026-03-28 02:24:47.620000',NULL,'AUTO',1,10,NULL),(246,'2026-03-28 02:27:31.827000',NULL,'AUTO',1,8,NULL),(247,'2026-03-28 03:05:57.099000',NULL,'AUTO',1,9,NULL),(248,'2026-03-28 03:06:19.667000',NULL,'AUTO',1,10,NULL),(249,'2026-03-28 03:07:46.255000',NULL,'QR',1,10,NULL),(250,'2026-03-28 03:07:47.039000',NULL,'QR',1,10,NULL),(251,'2026-03-28 03:24:41.375000',NULL,'AUTO',1,8,NULL),(252,'2026-03-28 03:29:41.269000',NULL,'AUTO',1,8,NULL),(253,'2026-03-28 03:30:04.827000',NULL,'AUTO',1,11,NULL),(254,'2026-03-28 03:40:08.605000',NULL,'AUTO',1,9,NULL),(255,'2026-03-28 03:42:38.731000',NULL,'QR',1,9,NULL),(256,'2026-03-28 03:42:51.235000',NULL,'QR',1,9,NULL),(257,'2026-03-28 04:00:00.401000',NULL,'AUTO',1,8,NULL),(258,'2026-03-28 04:04:15.650000',NULL,'AUTO',1,8,NULL),(259,'2026-03-28 04:04:25.158000',NULL,'AUTO',1,10,NULL),(260,'2026-03-28 04:04:58.620000',NULL,'AUTO',1,11,NULL),(261,'2026-03-28 04:05:07.746000',NULL,'AUTO',1,14,NULL),(262,'2026-03-28 04:13:48.785000',NULL,'AUTO',1,10,NULL),(263,'2026-03-28 04:17:23.360000',NULL,'QR',1,11,NULL),(264,'2026-03-28 04:17:31.622000',NULL,'AUTO',1,8,NULL),(265,'2026-03-28 04:17:40.802000',NULL,'AUTO',1,9,NULL),(266,'2026-03-28 04:18:01.207000',NULL,'AUTO',1,14,NULL),(267,'2026-03-28 04:19:36.817000',NULL,'AUTO',1,8,20),(268,'2026-03-28 04:19:55.106000',NULL,'AUTO',1,11,20);
/*!40000 ALTER TABLE `narration_logs` ENABLE KEYS */;
UNLOCK TABLES;

--
-- Table structure for table `partner_interactions`
--

DROP TABLE IF EXISTS `partner_interactions`;
/*!40101 SET @saved_cs_client     = @@character_set_client */;
/*!50503 SET character_set_client = utf8mb4 */;
CREATE TABLE `partner_interactions` (
  `id` bigint NOT NULL AUTO_INCREMENT,
  `interaction_type` varchar(20) NOT NULL,
  `timestamp` datetime(6) NOT NULL,
  `status` int NOT NULL,
  `partner_id` bigint NOT NULL,
  `user_id` bigint DEFAULT NULL,
  PRIMARY KEY (`id`),
  KEY `partner_interactions_user_id_b9d7396e_fk_users_id` (`user_id`),
  KEY `partner_interaction_idx` (`partner_id`,`interaction_type`,`timestamp`),
  CONSTRAINT `partner_interactions_partner_id_ea62e508_fk_partners_id` FOREIGN KEY (`partner_id`) REFERENCES `partners` (`id`),
  CONSTRAINT `partner_interactions_user_id_b9d7396e_fk_users_id` FOREIGN KEY (`user_id`) REFERENCES `users` (`id`)
) ENGINE=InnoDB DEFAULT CHARSET=utf8mb4 COLLATE=utf8mb4_0900_ai_ci;
/*!40101 SET character_set_client = @saved_cs_client */;

--
-- Dumping data for table `partner_interactions`
--

LOCK TABLES `partner_interactions` WRITE;
/*!40000 ALTER TABLE `partner_interactions` DISABLE KEYS */;
/*!40000 ALTER TABLE `partner_interactions` ENABLE KEYS */;
UNLOCK TABLES;

--
-- Table structure for table `partner_intro_media`
--

DROP TABLE IF EXISTS `partner_intro_media`;
/*!40101 SET @saved_cs_client     = @@character_set_client */;
/*!50503 SET character_set_client = utf8mb4 */;
CREATE TABLE `partner_intro_media` (
  `id` bigint NOT NULL AUTO_INCREMENT,
  `media_id` int NOT NULL,
  `language` varchar(10) NOT NULL,
  `voice_region` varchar(50) NOT NULL,
  `status` int NOT NULL,
  `created_at` datetime(6) NOT NULL,
  `partner_id` bigint NOT NULL,
  PRIMARY KEY (`id`),
  KEY `partner_intro_lang_idx` (`partner_id`,`language`,`voice_region`),
  CONSTRAINT `partner_intro_media_partner_id_40f24edd_fk_partners_id` FOREIGN KEY (`partner_id`) REFERENCES `partners` (`id`)
) ENGINE=InnoDB DEFAULT CHARSET=utf8mb4 COLLATE=utf8mb4_0900_ai_ci;
/*!40101 SET character_set_client = @saved_cs_client */;

--
-- Dumping data for table `partner_intro_media`
--

LOCK TABLES `partner_intro_media` WRITE;
/*!40000 ALTER TABLE `partner_intro_media` DISABLE KEYS */;
/*!40000 ALTER TABLE `partner_intro_media` ENABLE KEYS */;
UNLOCK TABLES;

--
-- Table structure for table `partners`
--

DROP TABLE IF EXISTS `partners`;
/*!40101 SET @saved_cs_client     = @@character_set_client */;
/*!50503 SET character_set_client = utf8mb4 */;
CREATE TABLE `partners` (
  `id` bigint NOT NULL AUTO_INCREMENT,
  `business_name` varchar(255) NOT NULL,
  `menu_details` json NOT NULL,
  `opening_hours` varchar(100) NOT NULL,
  `status` int NOT NULL,
  `poi_id` bigint DEFAULT NULL,
  `intro_text` longtext NOT NULL,
  `qr_url` varchar(500) NOT NULL,
  `user_id` bigint DEFAULT NULL,
  `address` longtext NOT NULL,
  PRIMARY KEY (`id`),
  UNIQUE KEY `user_id` (`user_id`),
  KEY `partners_poi_id_05744b50` (`poi_id`),
  CONSTRAINT `partners_poi_id_05744b50_fk_pois_id` FOREIGN KEY (`poi_id`) REFERENCES `pois` (`id`),
  CONSTRAINT `partners_user_id_e508dc79_fk_users_id` FOREIGN KEY (`user_id`) REFERENCES `users` (`id`)
) ENGINE=InnoDB AUTO_INCREMENT=17 DEFAULT CHARSET=utf8mb4 COLLATE=utf8mb4_0900_ai_ci;
/*!40101 SET character_set_client = @saved_cs_client */;

--
-- Dumping data for table `partners`
--

LOCK TABLES `partners` WRITE;
/*!40000 ALTER TABLE `partners` DISABLE KEYS */;
INSERT INTO `partners` VALUES (7,'Bánh Tráng Chị Hoa','{\"must_try\": [\"Bánh tráng nướng trứng cút\", \"Bánh tráng nướng phô mai\"], \"price_range\": \"10k - 25k\"}','16:00 - 23:00',2,8,'','',NULL,''),(8,'Bánh Tráng Anh Tú','{\"must_try\": [\"Bánh tráng nướng tôm khô\", \"Bánh tráng cuộn\"], \"price_range\": \"15k - 30k\"}','17:00 - 22:30',2,8,'','',NULL,''),(9,'Hải Sản Cô Ba','{\"must_try\": [\"Ghẹ rang me\", \"Ốc hương xào dừa\", \"Tôm nướng muối ớt\"], \"price_range\": \"150k - 500k\"}','17:00 - 01:00',2,9,'','',NULL,''),(10,'Chè Nguyên','{\"must_try\": [\"Chè khúc bạch\", \"Chè 3 màu\", \"Nước mía ép\"], \"price_range\": \"20k - 45k\"}','08:00 - 23:00',2,10,'','',NULL,''),(11,'Phở Ký','{\"must_try\": [\"Phở bò tái nạm\", \"Hủ tiếu bò\"], \"price_range\": \"45k - 65k\"}','05:00 - 10:00',2,13,'','',NULL,''),(12,'Bún Bò Cô Hương','{\"must_try\": [\"Bún bò Huế giò heo\", \"Bún bò chả cua\"], \"price_range\": \"50k - 70k\"}','05:30 - 10:30',2,13,'','',NULL,''),(13,'Hải Sản Năm Phước','{\"must_try\": [\"Ghẹ rang me\", \"Mực nhồi thịt hấp\", \"Tôm nướng muối ớt\"], \"price_range\": \"150k - 500k\"}','10:00 - 23:00',2,8,'Chào mừng bạn đến Hải Sản Năm Phước! Quán chúng tôi chuyên các món hải sản tươi sống nguyên con, đặc biệt là ghẹ rang me và mực nhồi thịt hấp. Giá cả hợp lý, phục vụ từ 10 giờ sáng đến 11 giờ đêm.','https://maps.app.goo.gl/demo-hai-san',NULL,''),(14,'Bún Bò Huế Dì Tám','{\"must_try\": [\"Bún bò đặc biệt\", \"Bún giò heo\", \"Bánh mì chấm\"], \"price_range\": \"40k - 80k\"}','06:00 - 10:00',2,8,'Bún Bò Huế Dì Tám — hơn 30 năm giữ nguyên hương vị truyền thống. Nước dùng hầm xương bò 12 tiếng, cay đậm đà, ăn kèm rau sống tươi. Quán mở từ 6 giờ sáng, thường hết hàng trước 10 giờ!','',NULL,''),(15,'Chè Thái Cô Lan','{\"must_try\": [\"Chè Thái đặc biệt\", \"Trà sữa trân châu\", \"Sinh tố bơ\"], \"price_range\": \"20k - 45k\"}','08:00 - 22:00',2,8,'Giải nhiệt ngay với ly chè Thái mát lạnh của Cô Lan! Topping phong phú: thạch dừa, trân châu, đậu đỏ, kem béo. Chỉ 25.000đ một ly lớn, phục vụ cả ngày.','https://facebook.com/demo-che-thai',NULL,''),(16,'Super Baka','{\"must_try\": [], \"price_range\": \"\"}','',1,14,'Lãnh đạo những con bò','http://localhost:5173/api/pois/scan/?code=14',5,'Ê hông có đâu');
/*!40000 ALTER TABLE `partners` ENABLE KEYS */;
UNLOCK TABLES;

--
-- Table structure for table `poi_media`
--

DROP TABLE IF EXISTS `poi_media`;
/*!40101 SET @saved_cs_client     = @@character_set_client */;
/*!50503 SET character_set_client = utf8mb4 */;
CREATE TABLE `poi_media` (
  `id` bigint NOT NULL AUTO_INCREMENT,
  `file_url` varchar(200) NOT NULL,
  `language` varchar(10) NOT NULL,
  `voice_region` varchar(50) NOT NULL,
  `media_type` varchar(10) NOT NULL,
  `status` int NOT NULL,
  `poi_id` bigint NOT NULL,
  `tts_content` longtext NOT NULL,
  `translated_name` varchar(255) NOT NULL,
  PRIMARY KEY (`id`),
  KEY `media_poi_lang_region_idx` (`poi_id`,`language`,`voice_region`),
  CONSTRAINT `poi_media_poi_id_b691c5fc_fk_pois_id` FOREIGN KEY (`poi_id`) REFERENCES `pois` (`id`)
) ENGINE=InnoDB AUTO_INCREMENT=55 DEFAULT CHARSET=utf8mb4 COLLATE=utf8mb4_0900_ai_ci;
/*!40101 SET character_set_client = @saved_cs_client */;

--
-- Dumping data for table `poi_media`
--

LOCK TABLES `poi_media` WRITE;
/*!40000 ALTER TABLE `poi_media` DISABLE KEYS */;
INSERT INTO `poi_media` VALUES (9,'https://res.cloudinary.com/difapxo01/video/upload/v1774650882/bcsd/tts-audio/pho-am-thuc-vinh-khanh_vi.mp3?v=1774650882','vi','mien_nam','TTS',1,8,'Vĩnh Khánh là con phố ẩm thực nổi tiếng bậc nhất Quận 4, TP. HCM. Nơi đây quy tụ hàng trăm quán ăn đặc sản từ hải sản tươi sống, bún bò, hủ tiếu cho đến các món ăn vặt đường phố. Không khí nhộn nhịp từ sáng đến đêm khuya thu hút cả người dân địa phương lẫn du khách thập phương..',''),(11,'https://res.cloudinary.com/difapxo01/video/upload/v1774632007/bcsd/tts-audio/quan-hai-san-em-vinh-khanh_vi.mp3','vi','mien_nam','TTS',1,9,'Khu ẩm thực hải sản đêm nổi tiếng nhất Quận 4 với các món ghẹ rang me, ốc hương xào, tôm nướng muối ớt được chế biến tươi ngon từ hải sản nhập trực tiếp mỗi ngày. Ngồi vỉa hè, không khí đường phố đặc trưng Sài Gòn.',''),(12,'https://res.cloudinary.com/difapxo01/video/upload/v1774631681/bcsd/tts-audio/goc-che-nuoc-ep-trai-cay_vi.mp3','vi','mien_nam','TTS',1,10,'Điểm dừng chân quen thuộc của dân địa phương sau bữa ăn với hơn 30 loại chè truyền thống Nam Bộ: chè đậu xanh bột báng, chè khúc bạch, chè 3 màu... cùng các loại nước ép trái cây nhiệt đới tươi mát, mở cửa từ sáng đến đêm.',''),(13,'https://res.cloudinary.com/difapxo01/video/upload/v1774631560/bcsd/tts-audio/chua-vinh-khanh-co_vi.mp3','vi','mien_nam','TTS',1,11,'Ngôi chùa hơn 150 tuổi nằm giữa lòng phố ẩm thực Vĩnh Khánh, là nơi người dân địa phương và tiểu thương đến thắp hương cầu bình an mỗi sáng sớm. Kiến trúc đặc trưng phong cách Nam Bộ, mái ngói đỏ, cổng tam quan uy nghiêm.',''),(15,'https://res.cloudinary.com/difapxo01/video/upload/v1774631599/bcsd/tts-audio/cong-chao-pho-vinh-khanh_vi.mp3','vi','mien_nam','TTS',1,12,'Cổng chào biểu tượng của tuyến phố ẩm thực đêm Vĩnh Khánh, được thiết kế với đèn LED rực rỡ. Là điểm check-in nổi tiếng và cũng là điểm khởi đầu lý tưởng để khám phá toàn bộ tuyến phố ẩm thực. Sáng đèn từ 18:00 - 24:00.',''),(16,'https://res.cloudinary.com/difapxo01/video/upload/v1774631892/bcsd/tts-audio/khu-bun-bo-pho-sang_vi.mp3','vi','mien_nam','TTS',1,13,'áááááááááááááááááááááááááááááááááááááááááááááááááááááááááááááááááááááááááááááááááááááááááááááááááááááááááááááááááááááááááááááááááááááááááááááááááááááááááááááááááááááááááááááááááááááááááááááááááááááááááááááááááááááááááááááááááááááááááááááááááááááááááááááááááááááááááááááááááááááááááááááááááááááááááááááááááááááááááááááááááááááááááááááááááááááááááááááááááááááááááááááááááááááááááááááááááááááááááááááááááááááááááááááááááááááááááááááááááááááááááááááááááááááááááááááááááááááááááááááááááááááááááááááááááááááááááááááááááááááááááááááááááááááááááááááááááááááááááááááááááááááááááááááááááááááááááááááááááááááááááááááááááááááááááááááááááááááááááááááááááááááááááááááááááááááááááááááááááááááááááááááááááááááááááááááááááááááááááááááááááááááááááááááááááááááááááááááááááááááááááááááááááááááááááááááááááááááááááááááááááááááááááááááááááááááááááááááááááááááááááááááááááááááááááááááááááááááááááááááááááááááááááááááááááááááááááááááááááááááááááááááááááááááááááááááááááááááááááááááááááááááááááááááááááááááááááááááááááááááááááááááááááááááááááááááááááááááááááááááááááááááááááááááááááááááááááááááááááááááááááááááááááááááááááááááááááááááááááááá',''),(18,'https://res.cloudinary.com/difapxo01/video/upload/v1774650905/bcsd/tts-audio/pho-am-thuc-vinh-khanh_ko.mp3?v=1774650905','ko','','TTS',1,8,'Vinh Khanh은 도시 4군에서 가장 유명한 요리 거리입니다. HCM. 이곳에는 신선한 해산물, 쇠고기 국수, 국수부터 길거리 간식까지 수백 개의 전문 레스토랑이 모여 있습니다. 아침부터 늦은 밤까지 분주한 분위기가 곳곳에서 현지인과 관광객을 끌어 모으고 있습니다.','? 빈칸 푸드 스트리트'),(20,'https://res.cloudinary.com/difapxo01/video/upload/v1774631568/bcsd/tts-audio/chua-vinh-khanh-co_ko.mp3','ko','','TTS',1,11,'150년이 넘는 역사를 지닌 이 탑은 빈칸(Vinh Khanh) 요리 거리 중심부에 위치해 있으며, 현지 주민과 소규모 사업체들이 매일 이른 아침 향을 피우고 평화를 기원하는 곳입니다. 건축물은 붉은 기와지붕, 장엄한 3문으로 이루어진 전형적인 남부 스타일의 건축물입니다.','빈칸코(Vinh Khanh Co) 파고다'),(21,'https://res.cloudinary.com/difapxo01/video/upload/v1774650309/bcsd/tts-audio/quan-hai-san-em-vinh-khanh_en.mp3?v=1774650309','en','','TTS',1,9,'The most famous night seafood food area in District 4 with dishes of roasted crab with tamarind, stir-fried snails, grilled shrimp with salt and chili, prepared fresh from seafood imported directly every day. Sitting on the sidewalk, the street atmosphere is typical of Saigon. (updated)',''),(22,'https://res.cloudinary.com/difapxo01/video/upload/v1774632013/bcsd/tts-audio/quan-hai-san-em-vinh-khanh_ja.mp3','ja','','TTS',1,9,'4 区で最も有名な夜のシーフード フード エリア。毎日直輸入の新鮮な魚介類を使用して、タマリンド添えカニのロースト、カタツムリの炒め物、塩と唐辛子を添えたエビのグリルなどの料理を提供します。歩道に座っていると、サイゴンらしい街並みの雰囲気が漂います。',''),(23,'https://res.cloudinary.com/difapxo01/video/upload/v1774632016/bcsd/tts-audio/quan-hai-san-em-vinh-khanh_ko.mp3','ko','','TTS',1,9,'매일 직수입한 신선한 해산물을 이용해 타마린드를 곁들인 게구이, 달팽이 볶음, 소금과 칠리를 곁들인 새우구이 등을 선보이는 4군에서 가장 유명한 야식 해산물 지역입니다. 보도에 앉아 있으면 전형적인 사이공의 거리 분위기를 느낄 수 있습니다.',''),(24,'https://res.cloudinary.com/difapxo01/video/upload/v1774632020/bcsd/tts-audio/quan-hai-san-em-vinh-khanh_zh.mp3','zh','','TTS',1,9,'第四区最著名的夜间海鲜美食区，罗望子烤蟹、炒田螺、盐辣烤虾等菜肴，均采用每天直接进口的海鲜新鲜烹制。坐在人行道上，街道氛围是典型的西贡。',''),(25,'https://res.cloudinary.com/difapxo01/video/upload/v1774650911/bcsd/tts-audio/pho-am-thuc-vinh-khanh_zh.mp3?v=1774650911','zh','','TTS',1,8,'永庆 (Vinh Khanh) 是市第四区最著名的美食街。肥厚型心肌病。这里汇聚了数百家特色餐厅，从新鲜海鲜、牛肉面、面条到街头小吃。从早到晚的热闹气氛吸引着当地人和来自各地的游客。','? 永庆美食街'),(26,'https://res.cloudinary.com/difapxo01/video/upload/v1774631894/bcsd/tts-audio/khu-bun-bo-pho-sang_en.mp3','en','','TTS',1,13,'aaaaaaa aaaaaaaaaaaa aaaaaaaaaaaa aaaaaaaaaaaa aaaaaaa aaaaaaaaaaaa aaaaaaaaaaaa aaaaaaaaaaaa aaaaaaa aaaaaaaaaaaa aaaaaaaaaaaa aaaaaaaaaaaa aaaaaaa aaaaaaaaaaaa aaaaaaaaaaaa aaaaaaaaaaaa',''),(27,'https://res.cloudinary.com/difapxo01/video/upload/v1774631896/bcsd/tts-audio/khu-bun-bo-pho-sang_ja.mp3','ja','','TTS',1,13,'ああああああああああああああああああああああああああああああああああああああああああああああああああああああああああああああああああああああああああああああああああああああああああああああああああああああああああああああああああああああ',''),(28,'https://res.cloudinary.com/difapxo01/video/upload/v1774631898/bcsd/tts-audio/khu-bun-bo-pho-sang_ko.mp3','ko','','TTS',1,13,'aaaaaaaaaaaaaaaaaaaaaaaaaaaaaaaaaaaaaaaaaaaaaaaaaaaaaaaaaaaaaaaaaaaaaaaaaaaaaaaaaaaa 아아아아아아아아아아아아아아아아아아아아아아아아아아아아아아아아아아아아',''),(29,'https://res.cloudinary.com/difapxo01/video/upload/v1774631901/bcsd/tts-audio/khu-bun-bo-pho-sang_zh.mp3','zh','','TTS',1,13,'啊啊啊啊啊啊啊啊啊啊啊啊啊啊啊啊啊啊啊啊啊啊啊啊啊啊啊啊啊啊啊啊啊啊啊啊啊啊啊啊啊啊啊啊啊啊啊啊啊啊啊啊啊啊啊啊啊啊啊啊啊啊啊啊啊啊啊啊啊啊啊啊啊啊啊啊啊啊啊啊啊啊',''),(32,'https://res.cloudinary.com/difapxo01/video/upload/v1774653398/bcsd/tts-audio/hu-hu-khec-khec_ko.mp3?v=1774653398','ko','','TTS',1,14,'고양이들의 리더','울부짖어, 울부짖어, 울부짖어'),(33,'https://res.cloudinary.com/difapxo01/video/upload/v1774653401/bcsd/tts-audio/hu-hu-khec-khec_zh.mp3?v=1774653401','zh','','TTS',1,14,'猫的领袖','嚎叫，嚎叫，嚎叫'),(34,'https://res.cloudinary.com/difapxo01/video/upload/v1774630481/bcsd/tts-audio/test-tts-signal_vi.mp3','vi','','TTS',1,15,'NhatTruongNhatTruongNhatTruong',''),(35,'https://res.cloudinary.com/difapxo01/video/upload/v1774630484/bcsd/tts-audio/test-tts-signal_en.mp3','en','','TTS',1,15,'NhatTruongNhatTruongNhatTruong',''),(36,'https://res.cloudinary.com/difapxo01/video/upload/v1774630487/bcsd/tts-audio/test-tts-signal_ja.mp3','ja','','TTS',1,15,'ニャットチュオンニャットチュオンニャットチュオン',''),(37,'https://res.cloudinary.com/difapxo01/video/upload/v1774630489/bcsd/tts-audio/test-tts-signal_ko.mp3','ko','','TTS',1,15,'NhatTruongNhatTruongNhatTruong',''),(38,'https://res.cloudinary.com/difapxo01/video/upload/v1774630491/bcsd/tts-audio/test-tts-signal_zh.mp3','zh','','TTS',1,15,'日照日照日照',''),(39,'https://res.cloudinary.com/difapxo01/video/upload/v1774631572/bcsd/tts-audio/chua-vinh-khanh-co_zh.mp3','zh','','TTS',1,11,'这座拥有 150 多年历史的宝塔位于 Vinh Khanh 美食街的中心地带，当地人和小商贩每天清晨都会来这里烧香祈求平安。建筑风格典型的南方风格，红瓦屋顶，三进大门雄伟。','永庆寺宝塔'),(40,'https://res.cloudinary.com/difapxo01/video/upload/v1774631604/bcsd/tts-audio/cong-chao-pho-vinh-khanh_en.mp3','en','','TTS',1,12,'The symbolic welcome gate of Vinh Khanh night food street, designed with brilliant LED lights. It is a famous check-in point and also an ideal starting point to explore the entire culinary street. Lights up from 18:00 - 24:00.',''),(41,'https://res.cloudinary.com/difapxo01/video/upload/v1774631611/bcsd/tts-audio/cong-chao-pho-vinh-khanh_ja.mp3','ja','','TTS',1,12,'ヴィンカイン夜食街のシンボル的なウェルカムゲートを、鮮やかなLEDライトでデザイン。ここは有名なチェックインポイントであり、美食街全体を探索するのに理想的な出発点でもあります。点灯時間は18:00～24:00です。',''),(42,'https://res.cloudinary.com/difapxo01/video/upload/v1774631617/bcsd/tts-audio/cong-chao-pho-vinh-khanh_ko.mp3','ko','','TTS',1,12,'화려한 LED 조명으로 디자인된 빈칸 야식거리의 상징적인 환영문입니다. 이곳은 유명한 체크인 지점이자 전체 요리 거리를 탐험하기에 이상적인 출발점이기도 합니다. 점등 시간은 18:00~24:00입니다.',''),(43,'https://res.cloudinary.com/difapxo01/video/upload/v1774631620/bcsd/tts-audio/cong-chao-pho-vinh-khanh_zh.mp3','zh','','TTS',1,12,'永庆夜市美食街的标志性迎宾大门，采用绚丽的 LED 灯光设计。这里是著名的打卡点，也是探索整条美食街的理想起点。亮灯时间为 18:00 - 24:00。',''),(44,'https://res.cloudinary.com/difapxo01/video/upload/v1774631688/bcsd/tts-audio/goc-che-nuoc-ep-trai-cay_en.mp3','en','','TTS',1,10,'A familiar stop for locals after a meal with more than 30 types of traditional Southern sweet soup: semolina green bean sweet soup, Khuc Bach sweet soup, 3-color sweet soup... along with fresh tropical fruit juices, open from morning to night.',''),(45,'https://res.cloudinary.com/difapxo01/video/upload/v1774631695/bcsd/tts-audio/goc-che-nuoc-ep-trai-cay_ja.mp3','ja','','TTS',1,10,'地元の人々が食後に立ち寄り、セモリナ豆の甘いスープ、フックバッハの甘いスープ、3 色の甘いスープなど 30 種類以上の伝統的な南部の甘いスープと新鮮なトロピカル フルーツ ジュースを提供する、朝から夜まで営業しているおなじみの店です。',''),(46,'https://res.cloudinary.com/difapxo01/video/upload/v1774631702/bcsd/tts-audio/goc-che-nuoc-ep-trai-cay_ko.mp3','ko','','TTS',1,10,'30가지 이상의 전통적인 남부 달콤한 수프를 제공하는 식사 후 현지인들에게 친숙한 곳입니다: 양질의 거친 녹두 수프, 쿡박 달콤한 수프, 3색 달콤한 수프... 신선한 열대 과일 주스와 함께 아침부터 밤까지 영업합니다.',''),(47,'https://res.cloudinary.com/difapxo01/video/upload/v1774631707/bcsd/tts-audio/goc-che-nuoc-ep-trai-cay_zh.mp3','zh','','TTS',1,10,'当地人饭后熟悉的一站，这里有 30 多种传统南方甜汤：粗面粉绿豆甜汤、Khuc Bach 甜汤、三色甜汤……以及新鲜的热带果汁，从早到晚营业。',''),(48,'https://res.cloudinary.com/difapxo01/video/upload/v1774653384/bcsd/tts-audio/hu-hu-khec-khec_vi.mp3?v=1774653384','vi','','TTS',1,14,'lãnh đạo những con mèo',''),(49,'https://res.cloudinary.com/difapxo01/video/upload/v1774650900/bcsd/tts-audio/pho-am-thuc-vinh-khanh_ja.mp3?v=1774650900','ja','mien_nam','TTS',1,8,'ヴィン カインは、市内 4 区で最も有名なグルメ街です。ホーチミン。この場所には、新鮮な魚介類、牛肉麺、麺類から屋台の軽食まで、何百もの専門レストランが集まっています。朝から夜遅くまで賑わう雰囲気は、地元の人だけでなく、各地からの観光客も集まります。','? ヴィン カイン フード ストリート'),(50,'https://res.cloudinary.com/difapxo01/video/upload/v1774650891/bcsd/tts-audio/pho-am-thuc-vinh-khanh_en.mp3?v=1774650891','en','mien_nam','TTS',1,8,'Vinh Khanh is the most famous culinary street in District 4, City. HCM. This place brings together hundreds of specialty restaurants from fresh seafood, beef noodles, noodles to street snacks. The bustling atmosphere from morning to late night attracts both locals and tourists from everywhere..','? Vinh Khanh Food Street'),(51,'https://res.cloudinary.com/difapxo01/video/upload/v1774648897/bcsd/tts-audio/chua-vinh-khanh-co_ja.mp3','ja','mien_nam','TTS',1,11,'150 年以上の歴史を誇るこの塔は、ビン カイン料理街の中心部に位置しており、地元の人々や中小企業が毎朝早朝にお香を焚き、平和を祈るために集まります。典型的な南方様式の建築で、赤瓦の屋根、荘厳な三つ門の門が特徴です。','ヴィン カイン コ パゴダ'),(52,'https://res.cloudinary.com/difapxo01/video/upload/v1774648894/bcsd/tts-audio/chua-vinh-khanh-co_en.mp3','en','mien_nam','TTS',1,11,'The more than 150-year-old pagoda is located in the heart of Vinh Khanh culinary street, where local people and small businesses come to burn incense and pray for peace every early morning. The architecture is typical of Southern style, red tiled roof, majestic three-entrance gate.','Vinh Khanh Co Pagoda'),(53,'https://res.cloudinary.com/difapxo01/video/upload/v1774653393/bcsd/tts-audio/hu-hu-khec-khec_ja.mp3?v=1774653393','ja','mien_nam','TTS',1,14,'猫たちのリーダー','遠吠え、遠吠え、遠吠え'),(54,'https://res.cloudinary.com/difapxo01/video/upload/v1774653389/bcsd/tts-audio/hu-hu-khec-khec_en.mp3?v=1774653389','en','mien_nam','TTS',1,14,'leader of the cats','Howl, howl, howl');
/*!40000 ALTER TABLE `poi_media` ENABLE KEYS */;
UNLOCK TABLES;

--
-- Table structure for table `pois`
--

DROP TABLE IF EXISTS `pois`;
/*!40101 SET @saved_cs_client     = @@character_set_client */;
/*!50503 SET character_set_client = utf8mb4 */;
CREATE TABLE `pois` (
  `id` bigint NOT NULL AUTO_INCREMENT,
  `name` varchar(255) NOT NULL,
  `description` longtext NOT NULL,
  `latitude` double NOT NULL,
  `longitude` double NOT NULL,
  `geofence_radius` int NOT NULL,
  `category` varchar(100) NOT NULL,
  `qr_code_data` varchar(512) NOT NULL,
  `status` int NOT NULL,
  `owner_id` bigint DEFAULT NULL,
  PRIMARY KEY (`id`),
  UNIQUE KEY `owner_id` (`owner_id`),
  CONSTRAINT `pois_owner_id_b2682bd1_fk_users_id` FOREIGN KEY (`owner_id`) REFERENCES `users` (`id`)
) ENGINE=InnoDB AUTO_INCREMENT=16 DEFAULT CHARSET=utf8mb4 COLLATE=utf8mb4_0900_ai_ci;
/*!40101 SET character_set_client = @saved_cs_client */;

--
-- Dumping data for table `pois`
--

LOCK TABLES `pois` WRITE;
/*!40000 ALTER TABLE `pois` DISABLE KEYS */;
INSERT INTO `pois` VALUES (8,'? Phố Ẩm Thực Vĩnh Khánh','Vĩnh Khánh là con phố ẩm thực nổi tiếng bậc nhất Quận 4, TP. HCM. Nơi đây quy tụ hàng trăm quán ăn đặc sản từ hải sản tươi sống, bún bò, hủ tiếu cho đến các món ăn vặt đường phố. Không khí nhộn nhịp từ sáng đến đêm khuya thu hút cả người dân địa phương lẫn du khách thập phương..',10.7552,106.7038,200,'food','BCSD-POI-001',1,NULL),(9,'Quán Hải Sản Đêm Vĩnh Khánh','Khu ẩm thực hải sản đêm nổi tiếng nhất Quận 4 với các món ghẹ rang me, ốc hương xào, tôm nướng muối ớt được chế biến tươi ngon từ hải sản nhập trực tiếp mỗi ngày. Ngồi vỉa hè, không khí đường phố đặc trưng Sài Gòn.',10.7558,106.7042,50,'food','BCSD-POI-002',1,NULL),(10,'Góc Chè & Nước Ép Trái Cây','Điểm dừng chân quen thuộc của dân địa phương sau bữa ăn với hơn 30 loại chè truyền thống Nam Bộ: chè đậu xanh bột báng, chè khúc bạch, chè 3 màu... cùng các loại nước ép trái cây nhiệt đới tươi mát, mở cửa từ sáng đến đêm.',10.7545,106.7028,30,'food','BCSD-POI-003',1,NULL),(11,'Chùa Vĩnh Khánh Cổ','Ngôi chùa hơn 150 tuổi nằm giữa lòng phố ẩm thực Vĩnh Khánh, là nơi người dân địa phương và tiểu thương đến thắp hương cầu bình an mỗi sáng sớm. Kiến trúc đặc trưng phong cách Nam Bộ, mái ngói đỏ, cổng tam quan uy nghiêm.',10.7565,106.705,60,'historical','BCSD-POI-004',1,NULL),(12,'Cổng Chào Phố Vĩnh Khánh','Cổng chào biểu tượng của tuyến phố ẩm thực đêm Vĩnh Khánh, được thiết kế với đèn LED rực rỡ. Là điểm check-in nổi tiếng và cũng là điểm khởi đầu lý tưởng để khám phá toàn bộ tuyến phố ẩm thực. Sáng đèn từ 18:00 - 24:00.',10.754,106.7022,45,'cultural','BCSD-POI-005',1,NULL),(13,'Khu Bún Bò & Phở Sáng','áááááááááááááááááááááááááááááááááááááááááááááááááááááááááááááááááááááááááááááááááááááááááááááááááááááááááááááááááááááááááááááááááááááááááááááááááááááááááááááááááááááááááááááááááááááááááááááááááááááááááááááááááááááááááááááááááááááááááááááááááááááááááááááááááááááááááááááááááááááááááááááááááááááááááááááááááááááááááááááááááááááááááááááááááááááááááááááááááááááááááááááááááááááááááááááááááááááááááááááááááááááááááááááááááááááááááááááááááááááááááááááááááááááááááááááááááááááááááááááááááááááááááááááááááááááááááááááááááááááááááááááááááááááááááááááááááááááááááááááááááááááááááááááááááááááááááááááááááááááááááááááááááááááááááááááááááááááááááááááááááááááááááááááááááááááááááááááááááááááááááááááááááááááááááááááááááááááááááááááááááááááááááááááááááááááááááááááááááááááááááááááááááááááááááááááááááááááááááááááááááááááááááááááááááááááááááááááááááááááááááááááááááááááááááááááááááááááááááááááááááááááááááááááááááááááááááááááááááááááááááááááááááááááááááááááááááááááááááááááááááááááááááááááááááááááááááááááááááááááááááááááááááááááááááááááááááááááááááááááááááááááááááááááááááááááááááááááááááááááááááááááááááááááááááááááááááááááááááááá',10.757,106.7032,40,'food','BCSD-POI-006',1,NULL),(14,'Hú hú khẹc khẹc','lãnh đạo những con mèo',10.757347498472074,106.70451841290833,80,'food','POI_14',1,5),(15,'Test TTS Signal','NhatTruongNhatTruongNhatTruong',16.4637,107.5909,50,'','',1,NULL);
/*!40000 ALTER TABLE `pois` ENABLE KEYS */;
UNLOCK TABLES;

--
-- Table structure for table `token_blacklist_blacklistedtoken`
--

DROP TABLE IF EXISTS `token_blacklist_blacklistedtoken`;
/*!40101 SET @saved_cs_client     = @@character_set_client */;
/*!50503 SET character_set_client = utf8mb4 */;
CREATE TABLE `token_blacklist_blacklistedtoken` (
  `id` bigint NOT NULL AUTO_INCREMENT,
  `blacklisted_at` datetime(6) NOT NULL,
  `token_id` bigint NOT NULL,
  PRIMARY KEY (`id`),
  UNIQUE KEY `token_id` (`token_id`),
  CONSTRAINT `token_blacklist_blacklistedtoken_token_id_3cc7fe56_fk` FOREIGN KEY (`token_id`) REFERENCES `token_blacklist_outstandingtoken` (`id`)
) ENGINE=InnoDB AUTO_INCREMENT=15 DEFAULT CHARSET=utf8mb4 COLLATE=utf8mb4_0900_ai_ci;
/*!40101 SET character_set_client = @saved_cs_client */;

--
-- Dumping data for table `token_blacklist_blacklistedtoken`
--

LOCK TABLES `token_blacklist_blacklistedtoken` WRITE;
/*!40000 ALTER TABLE `token_blacklist_blacklistedtoken` DISABLE KEYS */;
INSERT INTO `token_blacklist_blacklistedtoken` VALUES (1,'2026-03-27 15:58:29.117501',3),(2,'2026-03-27 16:47:10.222817',5),(3,'2026-03-27 18:55:37.472165',7),(4,'2026-03-27 21:09:19.472654',20),(5,'2026-03-27 22:24:32.245569',26),(6,'2026-03-27 22:53:55.428844',24),(7,'2026-03-28 00:04:08.104625',35),(8,'2026-03-28 01:16:07.893195',37),(9,'2026-03-28 01:26:30.336991',42),(10,'2026-03-28 02:23:33.695880',49),(11,'2026-03-28 02:57:18.256678',82),(12,'2026-03-28 03:05:55.419913',79),(13,'2026-03-28 04:00:00.473520',83),(14,'2026-03-28 04:19:31.186515',93);
/*!40000 ALTER TABLE `token_blacklist_blacklistedtoken` ENABLE KEYS */;
UNLOCK TABLES;

--
-- Table structure for table `token_blacklist_outstandingtoken`
--

DROP TABLE IF EXISTS `token_blacklist_outstandingtoken`;
/*!40101 SET @saved_cs_client     = @@character_set_client */;
/*!50503 SET character_set_client = utf8mb4 */;
CREATE TABLE `token_blacklist_outstandingtoken` (
  `id` bigint NOT NULL AUTO_INCREMENT,
  `token` longtext NOT NULL,
  `created_at` datetime(6) DEFAULT NULL,
  `expires_at` datetime(6) NOT NULL,
  `user_id` bigint DEFAULT NULL,
  `jti` varchar(255) NOT NULL,
  PRIMARY KEY (`id`),
  UNIQUE KEY `token_blacklist_outstandingtoken_jti_hex_d9bdf6f7_uniq` (`jti`),
  KEY `token_blacklist_outstandingtoken_user_id_83bc629a_fk_users_id` (`user_id`),
  CONSTRAINT `token_blacklist_outstandingtoken_user_id_83bc629a_fk_users_id` FOREIGN KEY (`user_id`) REFERENCES `users` (`id`)
) ENGINE=InnoDB AUTO_INCREMENT=106 DEFAULT CHARSET=utf8mb4 COLLATE=utf8mb4_0900_ai_ci;
/*!40101 SET character_set_client = @saved_cs_client */;

--
-- Dumping data for table `token_blacklist_outstandingtoken`
--

LOCK TABLES `token_blacklist_outstandingtoken` WRITE;
/*!40000 ALTER TABLE `token_blacklist_outstandingtoken` DISABLE KEYS */;
INSERT INTO `token_blacklist_outstandingtoken` VALUES (1,'eyJhbGciOiJIUzI1NiIsInR5cCI6IkpXVCJ9.eyJ0b2tlbl90eXBlIjoicmVmcmVzaCIsImV4cCI6MTc3NDY3MzcwMywiaWF0IjoxNzc0MDY4OTAzLCJqdGkiOiJlMDgyMWIwOWZiNmI0ZGY5YTMxN2Y3MDJlYmE5OTkyNiIsInVzZXJfaWQiOiIyIn0.TWJ8vDQ6EzpkR0Qnkwl_739zySNtdAmI0l6yb7K1D0M','2026-03-21 04:55:03.377763','2026-03-28 04:55:03.000000',2,'e0821b09fb6b4df9a317f702eba99926'),(2,'eyJhbGciOiJIUzI1NiIsInR5cCI6IkpXVCJ9.eyJ0b2tlbl90eXBlIjoicmVmcmVzaCIsImV4cCI6MTc3NTIzMTUxMiwiaWF0IjoxNzc0NjI2NzEyLCJqdGkiOiIwNGE4YTliOTU3Nzc0ZjY1YmFkN2RmOWRmOGUzODUxMyIsInVzZXJfaWQiOiI0In0.JpcWJma9UV8mlLrLrjzHIFXJmD9D-MenHya21Txhduw','2026-03-27 15:51:52.396076','2026-04-03 15:51:52.000000',4,'04a8a9b957774f65bad7df9df8e38513'),(3,'eyJhbGciOiJIUzI1NiIsInR5cCI6IkpXVCJ9.eyJ0b2tlbl90eXBlIjoicmVmcmVzaCIsImV4cCI6MTc3NTIzMTY2MSwiaWF0IjoxNzc0NjI2ODYxLCJqdGkiOiIxOTQxYTY1NGZlMDM0MDMzODhhNDM1NDI2MmNkNjUzYyIsInVzZXJfaWQiOiI1In0.fwp-wHOprSzUYnYKVeTrCqk7xN391Td3f2duIUtUEh4','2026-03-27 15:54:21.306015','2026-04-03 15:54:21.000000',5,'1941a654fe03403388a4354262cd653c'),(4,'eyJhbGciOiJIUzI1NiIsInR5cCI6IkpXVCJ9.eyJ0b2tlbl90eXBlIjoicmVmcmVzaCIsImV4cCI6MTc3NTIzMTkwOSwiaWF0IjoxNzc0NjI3MTA5LCJqdGkiOiIzNzE2YjA0MTIwMmY0MmYyYjU2OWE5Nzc5MzJiNjg0MCIsInVzZXJfaWQiOiI1In0.65HC8HOn43aQ_jEwOGfaidx65fdIstjmAeDyslXgwp4','2026-03-27 15:58:29.097235','2026-04-03 15:58:29.000000',5,'3716b041202f42f2b569a977932b6840'),(5,'eyJhbGciOiJIUzI1NiIsInR5cCI6IkpXVCJ9.eyJ0b2tlbl90eXBlIjoicmVmcmVzaCIsImV4cCI6MTc3NTIzMjYyOCwiaWF0IjoxNzc0NjI3ODI4LCJqdGkiOiJlMTM4MmU0MTYwZDI0NjcwYTJmMTliY2Q2ZmFlMTQzNyIsInVzZXJfaWQiOiI1In0.O13eH9_9arKzmMOgCXLjaOD9Ptthjp970UIaHYXai6I','2026-03-27 16:10:28.263743','2026-04-03 16:10:28.000000',5,'e1382e4160d24670a2f19bcd6fae1437'),(6,'eyJhbGciOiJIUzI1NiIsInR5cCI6IkpXVCJ9.eyJ0b2tlbl90eXBlIjoicmVmcmVzaCIsImV4cCI6MTc3NTIzNDgzMCwiaWF0IjoxNzc0NjMwMDMwLCJqdGkiOiI4ZmU4NWNmNGE5ZmM0NWY3ODgzYzQ4ZmZhYzQ1YzZiNSIsInVzZXJfaWQiOiI1In0.2lTjK2ZqoydeomzT6EPu1Y4nH4Ve8SYhb6MmlRS5TX4','2026-03-27 16:47:10.206752','2026-04-03 16:47:10.000000',5,'8fe85cf4a9fc45f7883c48ffac45c6b5'),(7,'eyJhbGciOiJIUzI1NiIsInR5cCI6IkpXVCJ9.eyJ0b2tlbl90eXBlIjoicmVmcmVzaCIsImV4cCI6MTc3NTI0MDQwNiwiaWF0IjoxNzc0NjM1NjA2LCJqdGkiOiJmYjE0MGM3MWJhMmY0NjEzYjE4YzM1YzllMGQwN2Q4ZCIsInVzZXJfaWQiOiI2In0.AHXtW0z_7SlgMjOGINfADbjn4Ky1XhE08kwZ8t1BHOw','2026-03-27 18:20:06.990576','2026-04-03 18:20:06.000000',6,'fb140c71ba2f4613b18c35c9e0d07d8d'),(8,'eyJhbGciOiJIUzI1NiIsInR5cCI6IkpXVCJ9.eyJ0b2tlbl90eXBlIjoicmVmcmVzaCIsImV4cCI6MTc3NTI0MDQwNywiaWF0IjoxNzc0NjM1NjA3LCJqdGkiOiI1MDZiMGZmMGFkMjk0YjM5ODc3NjQ0NGZiY2I5NmJlYSIsInVzZXJfaWQiOiI3In0.y3FpHAJljmwuXrV3MvnzyBLp-wNwO6MQf0UCQ0KVLJs','2026-03-27 18:20:07.002178','2026-04-03 18:20:07.000000',7,'506b0ff0ad294b398776444fbcb96bea'),(9,'eyJhbGciOiJIUzI1NiIsInR5cCI6IkpXVCJ9.eyJ0b2tlbl90eXBlIjoicmVmcmVzaCIsImV4cCI6MTc3NTI0MDgwMSwiaWF0IjoxNzc0NjM2MDAxLCJqdGkiOiJhMzJlNTMzNTNkMmY0NWFiOWFhNjM5YTNmODMwYTM5YiIsInVzZXJfaWQiOiI4In0.LpIjpr6xDTQtHUOY7YrWtf4VXnRj7G-5REro5v2frqU','2026-03-27 18:26:41.598332','2026-04-03 18:26:41.000000',8,'a32e53353d2f45ab9aa639a3f830a39b'),(10,'eyJhbGciOiJIUzI1NiIsInR5cCI6IkpXVCJ9.eyJ0b2tlbl90eXBlIjoicmVmcmVzaCIsImV4cCI6MTc3NTI0MjUzNywiaWF0IjoxNzc0NjM3NzM3LCJqdGkiOiI0ZWMzYzM4NjI0YWI0ZGUyODIxZDk3ODUyYzliZWVkNSIsInVzZXJfaWQiOiI2In0.W-u1j6fY1Qlu7imZtK61hwkJ-hbAN0wTMbJk0QEyFwc','2026-03-27 18:55:37.454517','2026-04-03 18:55:37.000000',6,'4ec3c38624ab4de2821d97852c9beed5'),(11,'eyJhbGciOiJIUzI1NiIsInR5cCI6IkpXVCJ9.eyJ0b2tlbl90eXBlIjoicmVmcmVzaCIsImV4cCI6MTc3NTI0NTY2MywiaWF0IjoxNzc0NjQwODYzLCJqdGkiOiJjNWQ0ODQzZjc0MGI0Mzk4OGIyNjY5MDZjNDNmNjE1MCIsInVzZXJfaWQiOiI3In0.qgLOkQUctEgi8thmIj0BJiI5pbOkmkRY14JMCP8aQFE','2026-03-27 19:47:43.181203','2026-04-03 19:47:43.000000',7,'c5d4843f740b43988b266906c43f6150'),(12,'eyJhbGciOiJIUzI1NiIsInR5cCI6IkpXVCJ9.eyJ0b2tlbl90eXBlIjoicmVmcmVzaCIsImV4cCI6MTc3NTI0NTY2MywiaWF0IjoxNzc0NjQwODYzLCJqdGkiOiJhMzNkMWZkZDc3ZTA0MDUxYWQ4ZDQ2YzYxOTZkMjNlZCIsInVzZXJfaWQiOiI3In0.IEmipb2PTPbPvUzbv_Pg7na5n5bxfIXBQmWJhP7YB08','2026-03-27 19:47:43.182721','2026-04-03 19:47:43.000000',7,'a33d1fdd77e04051ad8d46c6196d23ed'),(13,'eyJhbGciOiJIUzI1NiIsInR5cCI6IkpXVCJ9.eyJ0b2tlbl90eXBlIjoicmVmcmVzaCIsImV4cCI6MTc3NTI0NjY3MSwiaWF0IjoxNzc0NjQxODcxLCJqdGkiOiI4ZDhjYWFhYzMzOGQ0NTQ1YjM5YzAwNWVhNjdmZWU0MSIsInVzZXJfaWQiOiI5In0._4Y_USjVeJU8SA_1WRZ6w3kaB8qz4Isr5t6m6OXJHW4','2026-03-27 20:04:31.141723','2026-04-03 20:04:31.000000',9,'8d8caaac338d4545b39c005ea67fee41'),(14,'eyJhbGciOiJIUzI1NiIsInR5cCI6IkpXVCJ9.eyJ0b2tlbl90eXBlIjoicmVmcmVzaCIsImV4cCI6MTc3NTI0NjY3MSwiaWF0IjoxNzc0NjQxODcxLCJqdGkiOiI4OGU1ODMwMDBiNDQ0YjIyODYyM2ZmZTZjNmI4MzI5OCIsInVzZXJfaWQiOiIxMCJ9.Up-TKuZlmOF4KgaFbwE9jQje6I4wIcWy3CaBOwo1OGM','2026-03-27 20:04:31.144428','2026-04-03 20:04:31.000000',10,'88e583000b444b228623ffe6c6b83298'),(15,'eyJhbGciOiJIUzI1NiIsInR5cCI6IkpXVCJ9.eyJ0b2tlbl90eXBlIjoicmVmcmVzaCIsImV4cCI6MTc3NTI0NzQ2MCwiaWF0IjoxNzc0NjQyNjYwLCJqdGkiOiI2M2FhZjk4M2FiODg0OGYxOTIzYTI2NTdkOTJlNjEzZSIsInVzZXJfaWQiOiIxMSJ9.uXIcFMJRyJbWKGdG-PgpfbgfBdaAdZODbFVjz1o4dm8','2026-03-27 20:17:40.793784','2026-04-03 20:17:40.000000',11,'63aaf983ab8848f1923a2657d92e613e'),(16,'eyJhbGciOiJIUzI1NiIsInR5cCI6IkpXVCJ9.eyJ0b2tlbl90eXBlIjoicmVmcmVzaCIsImV4cCI6MTc3NTI0NzQ2MCwiaWF0IjoxNzc0NjQyNjYwLCJqdGkiOiIwYzhlN2IxNWRmNDQ0NjY0OGIwNTlmODMyMTEyMTRjNSIsInVzZXJfaWQiOiIxMiJ9.k_mNIG3HZcKAR27XtRf76wGXuDIUZ9Gyah02pVRGcHE','2026-03-27 20:17:40.819165','2026-04-03 20:17:40.000000',12,'0c8e7b15df4446648b059f83211214c5'),(17,'eyJhbGciOiJIUzI1NiIsInR5cCI6IkpXVCJ9.eyJ0b2tlbl90eXBlIjoicmVmcmVzaCIsImV4cCI6MTc3NTI0ODEzNywiaWF0IjoxNzc0NjQzMzM3LCJqdGkiOiIxNDJkNmIwOTEyZGM0OTNkOThmZmRlMmU1OGNhNTc5NCIsInVzZXJfaWQiOiIxMyJ9.rB_qjXzunzLoSgaVo40HHtVHSiBDaoDAkiCkD86fAU8','2026-03-27 20:28:57.089669','2026-04-03 20:28:57.000000',13,'142d6b0912dc493d98ffde2e58ca5794'),(18,'eyJhbGciOiJIUzI1NiIsInR5cCI6IkpXVCJ9.eyJ0b2tlbl90eXBlIjoicmVmcmVzaCIsImV4cCI6MTc3NTI0ODEzNywiaWF0IjoxNzc0NjQzMzM3LCJqdGkiOiI3Y2U1N2Y4NjYxNmE0ZTgyOTdiZjc2NzNiNTU2NTEzMCIsInVzZXJfaWQiOiIxNCJ9.OPOpKb3DzNNOJBnTf8wBIpCjJgBzViULMizLz_8cTIo','2026-03-27 20:28:57.311023','2026-04-03 20:28:57.000000',14,'7ce57f86616a4e8297bf7673b5565130'),(19,'eyJhbGciOiJIUzI1NiIsInR5cCI6IkpXVCJ9.eyJ0b2tlbl90eXBlIjoicmVmcmVzaCIsImV4cCI6MTc3NTI0ODczNSwiaWF0IjoxNzc0NjQzOTM1LCJqdGkiOiI4MTYxNGRhYTNmNDU0NjI2OWMwZTI2YTM5NjU4ZDZkYSIsInVzZXJfaWQiOiIxNSJ9._fJvAQ9Bu1uZe_TSu0-CWF-ap7g-gzHVIw2ZsLU3K2k','2026-03-27 20:38:55.706222','2026-04-03 20:38:55.000000',15,'81614daa3f4546269c0e26a39658d6da'),(20,'eyJhbGciOiJIUzI1NiIsInR5cCI6IkpXVCJ9.eyJ0b2tlbl90eXBlIjoicmVmcmVzaCIsImV4cCI6MTc3NTI0ODczNSwiaWF0IjoxNzc0NjQzOTM1LCJqdGkiOiI4MzRjZDc0NTg4ZGQ0YmM3YTBiNWU1YTkyYzJjMTZiNCIsInVzZXJfaWQiOiIxNiJ9.H136BCxrpCyV2Nr6IyoYmTPffFLU9RLl6jTLVQMormY','2026-03-27 20:38:55.719856','2026-04-03 20:38:55.000000',16,'834cd74588dd4bc7a0b5e5a92c2c16b4'),(21,'eyJhbGciOiJIUzI1NiIsInR5cCI6IkpXVCJ9.eyJ0b2tlbl90eXBlIjoicmVmcmVzaCIsImV4cCI6MTc3NTI1MDU1OSwiaWF0IjoxNzc0NjQ1NzU5LCJqdGkiOiJjMjA1MThmNzk5NGM0ZTk5YWM0NWVkYjYyOGY4MjFhYiIsInVzZXJfaWQiOiIxNiJ9.Mc8k9bkrC_ZEWWHcojE50c0mCzB54UlN-TGORL4fTiU','2026-03-27 21:09:19.455275','2026-04-03 21:09:19.000000',16,'c20518f7994c4e99ac45edb628f821ab'),(22,'eyJhbGciOiJIUzI1NiIsInR5cCI6IkpXVCJ9.eyJ0b2tlbl90eXBlIjoicmVmcmVzaCIsImV4cCI6MTc3NTI1NDgyOSwiaWF0IjoxNzc0NjUwMDI5LCJqdGkiOiJkZWE1YTJhYTYwYjk0N2ZhYmQ0MzcwZWY2OGI0ZDRiZCIsInVzZXJfaWQiOiIxNiJ9.OJzZR7FcCs8hawKUCpZlUjF72rS3V02Kg0kf79Z9kpc','2026-03-27 22:20:29.916424','2026-04-03 22:20:29.000000',16,'dea5a2aa60b947fabd4370ef68b4d4bd'),(23,'eyJhbGciOiJIUzI1NiIsInR5cCI6IkpXVCJ9.eyJ0b2tlbl90eXBlIjoicmVmcmVzaCIsImV4cCI6MTc3NTI1NDgyOSwiaWF0IjoxNzc0NjUwMDI5LCJqdGkiOiIwZTk4YmFkZWE0OTY0ZWQzOGE2MDZlY2UxOTg0MjdmMyIsInVzZXJfaWQiOiIxNiJ9.kZNLbq5L4Wbjh0IVhmKXLLPpSeZNpVCDr_t5d1OnSRo','2026-03-27 22:20:29.918970','2026-04-03 22:20:29.000000',16,'0e98badea4964ed38a606ece198427f3'),(24,'eyJhbGciOiJIUzI1NiIsInR5cCI6IkpXVCJ9.eyJ0b2tlbl90eXBlIjoicmVmcmVzaCIsImV4cCI6MTc3NTI1NDk0NywiaWF0IjoxNzc0NjUwMTQ3LCJqdGkiOiI1MTdmZmRkNjY1ZjY0OGI3ODUxNmZhYWIwODNhODFmYSIsInVzZXJfaWQiOiIxNiJ9.SZ6Ref2SevM3TqMHFXtx3KSlPq6gbf7sS0OqJDTAQ_4','2026-03-27 22:22:27.189532','2026-04-03 22:22:27.000000',16,'517ffdd665f648b78516faab083a81fa'),(25,'eyJhbGciOiJIUzI1NiIsInR5cCI6IkpXVCJ9.eyJ0b2tlbl90eXBlIjoicmVmcmVzaCIsImV4cCI6MTc3NTI1NDk3MywiaWF0IjoxNzc0NjUwMTczLCJqdGkiOiIxMjJiNGEzNjYwNmU0YzkxYWZhYmNlNzZlMmVhMDZkYyIsInVzZXJfaWQiOiIxNiJ9.3wfVgbLzR9x0Iny0ab_YuaBSGjZqyIHv1s0XZhu8Ikw','2026-03-27 22:22:53.504532','2026-04-03 22:22:53.000000',16,'122b4a36606e4c91afabce76e2ea06dc'),(26,'eyJhbGciOiJIUzI1NiIsInR5cCI6IkpXVCJ9.eyJ0b2tlbl90eXBlIjoicmVmcmVzaCIsImV4cCI6MTc3NTI1NTAwNywiaWF0IjoxNzc0NjUwMjA3LCJqdGkiOiI0MzQ3NWM5Y2JhM2E0M2M4YjY0ZWZhYmI5NTcyYmYxYSIsInVzZXJfaWQiOiIxNyJ9.idlfJth05Jcj-B1-ullDXvee-9jrtUKUyEhOTHMHZI8','2026-03-27 22:23:27.533699','2026-04-03 22:23:27.000000',17,'43475c9cba3a43c8b64efabb9572bf1a'),(27,'eyJhbGciOiJIUzI1NiIsInR5cCI6IkpXVCJ9.eyJ0b2tlbl90eXBlIjoicmVmcmVzaCIsImV4cCI6MTc3NTI1NjgzNSwiaWF0IjoxNzc0NjUyMDM1LCJqdGkiOiI0MTE5M2VjODQ4Nzg0OTY4YmJiMTI1MmM3NDBlYWYyNSIsInVzZXJfaWQiOiIxNiJ9.y_YPsBQB9LqbHsOrA0cWzy01nnftVKkI4weMuOTcDlM','2026-03-27 22:53:55.414010','2026-04-03 22:53:55.000000',16,'41193ec848784968bbb1252c740eaf25'),(28,'eyJhbGciOiJIUzI1NiIsInR5cCI6IkpXVCJ9.eyJ0b2tlbl90eXBlIjoicmVmcmVzaCIsImV4cCI6MTc3NTI1Njk1MSwiaWF0IjoxNzc0NjUyMTUxLCJqdGkiOiI5ZDc4NDE4ZjdmY2Q0N2UwODBjNDdmMDhjMTEzMGIyNSIsInVzZXJfaWQiOiI1In0.fORV5LmXQT3R84ybi54SFceZmPqTzBlZFv7ThLpqdWU','2026-03-27 22:55:51.476214','2026-04-03 22:55:51.000000',5,'9d78418f7fcd47e080c47f08c1130b25'),(29,'eyJhbGciOiJIUzI1NiIsInR5cCI6IkpXVCJ9.eyJ0b2tlbl90eXBlIjoicmVmcmVzaCIsImV4cCI6MTc3NTI1Nzg1MywiaWF0IjoxNzc0NjUzMDUzLCJqdGkiOiIxYWU4ZDQ1YzU3YTY0M2IwYTg3ZmU5MmIxOWE3NDQ5MSIsInVzZXJfaWQiOiI1In0.9hcTMiKYFmm1YHWeildxuMlPBCB37XNJHyBhPU7c-3s','2026-03-27 23:10:53.673720','2026-04-03 23:10:53.000000',5,'1ae8d45c57a643b0a87fe92b19a74491'),(30,'eyJhbGciOiJIUzI1NiIsInR5cCI6IkpXVCJ9.eyJ0b2tlbl90eXBlIjoicmVmcmVzaCIsImV4cCI6MTc3NTI1ODY3MSwiaWF0IjoxNzc0NjUzODcxLCJqdGkiOiIxNzFkNDVmODczZWM0NDQ0YmNiZWI4MTE4ODUzYjlkNCIsInVzZXJfaWQiOiIxNSJ9.Qs-3ljrfDrWZ84zN3en_i63IiAZrIFbRvxBuYK9h_IA','2026-03-27 23:24:31.532245','2026-04-03 23:24:31.000000',15,'171d45f873ec4444bcbeb8118853b9d4'),(31,'eyJhbGciOiJIUzI1NiIsInR5cCI6IkpXVCJ9.eyJ0b2tlbl90eXBlIjoicmVmcmVzaCIsImV4cCI6MTc3NTI1ODY3MSwiaWF0IjoxNzc0NjUzODcxLCJqdGkiOiIxZDk4YjIwYTcxYzg0NDMwOWRhMzNhMDJlMWI4NmNjOCIsInVzZXJfaWQiOiIxNSJ9.FaXYAleKyKz0gM5JF-ow_sp-X0m3jj9-Ls2LqHDNnVs','2026-03-27 23:24:31.534979','2026-04-03 23:24:31.000000',15,'1d98b20a71c844309da33a02e1b86cc8'),(32,'eyJhbGciOiJIUzI1NiIsInR5cCI6IkpXVCJ9.eyJ0b2tlbl90eXBlIjoicmVmcmVzaCIsImV4cCI6MTc3NTI1ODc3MSwiaWF0IjoxNzc0NjUzOTcxLCJqdGkiOiJjNWE1MGVhMjIwYWI0NzdmODU5M2RlMjIyYjU4M2I5YiIsInVzZXJfaWQiOiIxOCJ9._xHqCsu6DY2dg2eFJ0gKFw0ZYhuVQoyCttvehBL_rFU','2026-03-27 23:26:11.248383','2026-04-03 23:26:11.000000',18,'c5a50ea220ab477f8593de222b583b9b'),(33,'eyJhbGciOiJIUzI1NiIsInR5cCI6IkpXVCJ9.eyJ0b2tlbl90eXBlIjoicmVmcmVzaCIsImV4cCI6MTc3NTI1ODc3MSwiaWF0IjoxNzc0NjUzOTcxLCJqdGkiOiI5NDQ5MjM0MjYxM2Q0MDQyYmE3NmU4NTQyOGYxOWE0ZCIsInVzZXJfaWQiOiIxOSJ9.ljM8UAUucwbankZNGi8ARVQEFpIZ4B3o168qn4sdlUo','2026-03-27 23:26:11.251463','2026-04-03 23:26:11.000000',19,'94492342613d4042ba76e85428f19a4d'),(34,'eyJhbGciOiJIUzI1NiIsInR5cCI6IkpXVCJ9.eyJ0b2tlbl90eXBlIjoicmVmcmVzaCIsImV4cCI6MTc3NTI1OTI0OCwiaWF0IjoxNzc0NjU0NDQ4LCJqdGkiOiIzZTQxNzVlMmJiNmY0NWQ1YTkyZWZhZjNlNTI3YmQ4ZiIsInVzZXJfaWQiOiIyMCJ9.JBYo_UAGjsg36TCDRBJkddNfj08uuY7DP6hmtCkgQDg','2026-03-27 23:34:08.804543','2026-04-03 23:34:08.000000',20,'3e4175e2bb6f45d5a92efaf3e527bd8f'),(35,'eyJhbGciOiJIUzI1NiIsInR5cCI6IkpXVCJ9.eyJ0b2tlbl90eXBlIjoicmVmcmVzaCIsImV4cCI6MTc3NTI1OTI0OCwiaWF0IjoxNzc0NjU0NDQ4LCJqdGkiOiJkYjUwOWNkOWUzYjk0NDY0YjJiNjZhMDE3MjEyMTFkMyIsInVzZXJfaWQiOiIyMSJ9.OETWTyhKJxLyVWkE3j4Xo2S23oPhBe2I7rHc44jkavo','2026-03-27 23:34:08.813527','2026-04-03 23:34:08.000000',21,'db509cd9e3b94464b2b66a01721211d3'),(36,'eyJhbGciOiJIUzI1NiIsInR5cCI6IkpXVCJ9.eyJ0b2tlbl90eXBlIjoicmVmcmVzaCIsImV4cCI6MTc3NTI2MTA0OCwiaWF0IjoxNzc0NjU2MjQ4LCJqdGkiOiIwOTc5MjU2MTc2Y2M0OGRjODExODljM2U3NTAyNGI5OSIsInVzZXJfaWQiOiIyMSJ9.H48QBdi0xPk7fpauYtXA4wzVy98fYdYUAGkGyst2YeQ','2026-03-28 00:04:08.093141','2026-04-04 00:04:08.000000',21,'0979256176cc48dc81189c3e75024b99'),(37,'eyJhbGciOiJIUzI1NiIsInR5cCI6IkpXVCJ9.eyJ0b2tlbl90eXBlIjoicmVmcmVzaCIsImV4cCI6MTc3NTI2MzM4OCwiaWF0IjoxNzc0NjU4NTg4LCJqdGkiOiI0ZmE0ZDFmOGQyZGQ0NDk4OGM3ZDUzYjM2NjY0M2ViNyIsInVzZXJfaWQiOiIyMiJ9.kP9tM0V8SA93yw4YpifX-Pb4Phz0W-_vWQ_gDIiM19o','2026-03-28 00:43:08.570184','2026-04-04 00:43:08.000000',22,'4fa4d1f8d2dd44988c7d53b366643eb7'),(38,'eyJhbGciOiJIUzI1NiIsInR5cCI6IkpXVCJ9.eyJ0b2tlbl90eXBlIjoicmVmcmVzaCIsImV4cCI6MTc3NTI2MzU4OSwiaWF0IjoxNzc0NjU4Nzg5LCJqdGkiOiI5NGFiMjIzNmUzYWM0YWMzOWMyMThiY2EzZTkyN2JlNiIsInVzZXJfaWQiOiIyMyJ9.spii-8HxAK_nlczAMfVMickz6N-LqlhIJ2U8a4fhFrw','2026-03-28 00:46:29.406491','2026-04-04 00:46:29.000000',23,'94ab2236e3ac4ac39c218bca3e927be6'),(39,'eyJhbGciOiJIUzI1NiIsInR5cCI6IkpXVCJ9.eyJ0b2tlbl90eXBlIjoicmVmcmVzaCIsImV4cCI6MTc3NTI2MzYzNywiaWF0IjoxNzc0NjU4ODM3LCJqdGkiOiI3YjcwMWQyMTE1NGY0Y2E4OTQ4NzA4ZDUwMTMxMTQ1ZiIsInVzZXJfaWQiOiIyNCJ9.J9FYaZlNQr79mV2Y-C5wDWG9ow113jmLGNXp1PaGDiw','2026-03-28 00:47:17.522605','2026-04-04 00:47:17.000000',24,'7b701d21154f4ca8948708d50131145f'),(40,'eyJhbGciOiJIUzI1NiIsInR5cCI6IkpXVCJ9.eyJ0b2tlbl90eXBlIjoicmVmcmVzaCIsImV4cCI6MTc3NTI2MzYzOCwiaWF0IjoxNzc0NjU4ODM4LCJqdGkiOiI0ZjUzYTYxMTE5ZGI0YmRiOGFiMDg5ODA2NWE1MjI5YyIsInVzZXJfaWQiOiIyNSJ9.M69R_sYAKZZpXCo9gkC2x3yweHCBYpvxVi4yKUR4gRM','2026-03-28 00:47:18.058243','2026-04-04 00:47:18.000000',25,'4f53a61119db4bdb8ab0898065a5229c'),(41,'eyJhbGciOiJIUzI1NiIsInR5cCI6IkpXVCJ9.eyJ0b2tlbl90eXBlIjoicmVmcmVzaCIsImV4cCI6MTc3NTI2MzY1NCwiaWF0IjoxNzc0NjU4ODU0LCJqdGkiOiI2YTdhOTYyZDg3ODY0MDU5OWYyYjU3OWYxMWRhZDE2MCIsInVzZXJfaWQiOiIyNiJ9.58sXtqo4ceUVYBl_3xSaRH8vwKTWVOUutmCIDiCKl1o','2026-03-28 00:47:34.472522','2026-04-04 00:47:34.000000',26,'6a7a962d878640599f2b579f11dad160'),(42,'eyJhbGciOiJIUzI1NiIsInR5cCI6IkpXVCJ9.eyJ0b2tlbl90eXBlIjoicmVmcmVzaCIsImV4cCI6MTc3NTI2MzY1OCwiaWF0IjoxNzc0NjU4ODU4LCJqdGkiOiIyMmJhMGYzODY3NjA0NDc3YTc3MjNiNmI3ZWUzZTE4YyIsInVzZXJfaWQiOiIyNyJ9.TEqW1zjrTgoPjcsSGlJr5oPE0U4fL3Jd1CEMNswYpc8','2026-03-28 00:47:38.427915','2026-04-04 00:47:38.000000',27,'22ba0f3867604477a7723b6b7ee3e18c'),(43,'eyJhbGciOiJIUzI1NiIsInR5cCI6IkpXVCJ9.eyJ0b2tlbl90eXBlIjoicmVmcmVzaCIsImV4cCI6MTc3NTI2Mzc5MCwiaWF0IjoxNzc0NjU4OTkwLCJqdGkiOiJmODhkMTJkMDNiYzE0YTMxOTVmNTRiOWQyNjNhZjgzOCIsInVzZXJfaWQiOiIyOCJ9.elOPM4n1sjBZPdCPuOqVdPLgWogdWewD6djR1adXSm4','2026-03-28 00:49:50.284192','2026-04-04 00:49:50.000000',28,'f88d12d03bc14a3195f54b9d263af838'),(44,'eyJhbGciOiJIUzI1NiIsInR5cCI6IkpXVCJ9.eyJ0b2tlbl90eXBlIjoicmVmcmVzaCIsImV4cCI6MTc3NTI2MzkxMiwiaWF0IjoxNzc0NjU5MTEyLCJqdGkiOiIwNjBjODcyNzIxNTk0NTBjODg2MzgxZTBhMTQ1MzQ1OCIsInVzZXJfaWQiOiIyNSJ9.U0HUifS4EDdbTk4q7UKLG3kOeSnPW4LdCBKi5p2L6iI','2026-03-28 00:51:52.892451','2026-04-04 00:51:52.000000',25,'060c87272159450c886381e0a1453458'),(45,'eyJhbGciOiJIUzI1NiIsInR5cCI6IkpXVCJ9.eyJ0b2tlbl90eXBlIjoicmVmcmVzaCIsImV4cCI6MTc3NTI2Mzk0NCwiaWF0IjoxNzc0NjU5MTQ0LCJqdGkiOiIxOTdiNDJjYmZjMDM0Y2M4OWVjODI0NWVmOWQxNDMyZSIsInVzZXJfaWQiOiIyOSJ9.1-Bhc7nKf_y-rZhT8jxS9QeNZPCn99xu3p90FBhGPXw','2026-03-28 00:52:24.629877','2026-04-04 00:52:24.000000',29,'197b42cbfc034cc89ec8245ef9d1432e'),(46,'eyJhbGciOiJIUzI1NiIsInR5cCI6IkpXVCJ9.eyJ0b2tlbl90eXBlIjoicmVmcmVzaCIsImV4cCI6MTc3NTI2Mzk1NCwiaWF0IjoxNzc0NjU5MTU0LCJqdGkiOiIyODJmOThiYWYzYWY0N2EyYTQ1NTAzMjEyODU1MzVhNCIsInVzZXJfaWQiOiIzMCJ9.BfZ0hoeZPGjosmZhv_I13ZVTv_F65sSQvlfe34cV1N4','2026-03-28 00:52:34.340454','2026-04-04 00:52:34.000000',30,'282f98baf3af47a2a4550321285535a4'),(47,'eyJhbGciOiJIUzI1NiIsInR5cCI6IkpXVCJ9.eyJ0b2tlbl90eXBlIjoicmVmcmVzaCIsImV4cCI6MTc3NTI2NDAyOCwiaWF0IjoxNzc0NjU5MjI4LCJqdGkiOiJkNmY5MGMxMjY5OGQ0MjcwOTc5YWU3NGI5OGJmMzFjZSIsInVzZXJfaWQiOiIzMSJ9.9XJ8nXKnnw7vxMCBp4DvHXbpT28d-Um96OOjkj_dc_g','2026-03-28 00:53:48.402405','2026-04-04 00:53:48.000000',31,'d6f90c12698d4270979ae74b98bf31ce'),(48,'eyJhbGciOiJIUzI1NiIsInR5cCI6IkpXVCJ9.eyJ0b2tlbl90eXBlIjoicmVmcmVzaCIsImV4cCI6MTc3NTI2NDIxNywiaWF0IjoxNzc0NjU5NDE3LCJqdGkiOiIzN2VhYzhmYTM0MzE0YWI0YWU5Yjk4MDIwNmY2NTZiMCIsInVzZXJfaWQiOiIzMiJ9.zeYq1gCUUJMMfLlZjYggASD6VEYoCxn94i3veuHZ25c','2026-03-28 00:56:57.316168','2026-04-04 00:56:57.000000',32,'37eac8fa34314ab4ae9b980206f656b0'),(49,'eyJhbGciOiJIUzI1NiIsInR5cCI6IkpXVCJ9.eyJ0b2tlbl90eXBlIjoicmVmcmVzaCIsImV4cCI6MTc3NTI2NDQ5MywiaWF0IjoxNzc0NjU5NjkzLCJqdGkiOiIwMzRmNGEwZmYxN2Q0N2ZiYTZlOWM0N2M5ODAzMjUxNiIsInVzZXJfaWQiOiIzMiJ9.h_vk0VRrrVQts8xie6aqmEzH-AnB3p7wdBlbCInhLKA','2026-03-28 01:01:33.152597','2026-04-04 01:01:33.000000',32,'034f4a0ff17d47fba6e9c47c98032516'),(50,'eyJhbGciOiJIUzI1NiIsInR5cCI6IkpXVCJ9.eyJ0b2tlbl90eXBlIjoicmVmcmVzaCIsImV4cCI6MTc3NTI2NDUwNywiaWF0IjoxNzc0NjU5NzA3LCJqdGkiOiJjOTAyNmNiMGFjMTE0MTZhYmJmYWZiYTA5YTYxMjQ5MCIsInVzZXJfaWQiOiIzMyJ9.Jka0EW8d9wcK_cC_bIvNOmrsBBPq0NUf9JNTJQ7zSOs','2026-03-28 01:01:47.826778','2026-04-04 01:01:47.000000',33,'c9026cb0ac11416abbfafba09a612490'),(51,'eyJhbGciOiJIUzI1NiIsInR5cCI6IkpXVCJ9.eyJ0b2tlbl90eXBlIjoicmVmcmVzaCIsImV4cCI6MTc3NTI2NDUxOSwiaWF0IjoxNzc0NjU5NzE5LCJqdGkiOiI0NTJlNDczZmE5ZDE0YWU0OWQ2MWYzZGY2NDAxYjZiZSIsInVzZXJfaWQiOiIzNCJ9.d3Zn1XDgzEQmEyQcf5306IeOBAUap_rQgZtRezgdZzY','2026-03-28 01:01:59.148129','2026-04-04 01:01:59.000000',34,'452e473fa9d14ae49d61f3df6401b6be'),(52,'eyJhbGciOiJIUzI1NiIsInR5cCI6IkpXVCJ9.eyJ0b2tlbl90eXBlIjoicmVmcmVzaCIsImV4cCI6MTc3NTI2NDcwNSwiaWF0IjoxNzc0NjU5OTA1LCJqdGkiOiI5MWE3M2ZiZWI5Mzc0NjU5ODM5ZGUzOTE5MWM3M2E5NSIsInVzZXJfaWQiOiIzNSJ9.W7vJS1wbhnMx8rEahtF_vzLinRfmFwPCf3mtpScrNP8','2026-03-28 01:05:05.763692','2026-04-04 01:05:05.000000',35,'91a73fbeb9374659839de39191c73a95'),(53,'eyJhbGciOiJIUzI1NiIsInR5cCI6IkpXVCJ9.eyJ0b2tlbl90eXBlIjoicmVmcmVzaCIsImV4cCI6MTc3NTI2NDcwNywiaWF0IjoxNzc0NjU5OTA3LCJqdGkiOiI0ZjA2MDA0MTUwYzQ0N2IwYjU4YjNlZDE2NDQxYWM0NCIsInVzZXJfaWQiOiIzNiJ9.KZVzg-3c5P7IxrWuKE_QWhRMwD1LLXcdrY50D077qfE','2026-03-28 01:05:07.463536','2026-04-04 01:05:07.000000',36,'4f06004150c447b0b58b3ed16441ac44'),(54,'eyJhbGciOiJIUzI1NiIsInR5cCI6IkpXVCJ9.eyJ0b2tlbl90eXBlIjoicmVmcmVzaCIsImV4cCI6MTc3NTI2NDcwOCwiaWF0IjoxNzc0NjU5OTA4LCJqdGkiOiIzMWQ5YjQ3Y2QyN2U0ZGU2YTVkMzhjNWI3YmY0ODQ5OSIsInVzZXJfaWQiOiIzNyJ9.89wLYIZjOSMoI_j5RXqq7mkAZ7NQto0wmHIyp_P-DY4','2026-03-28 01:05:08.725677','2026-04-04 01:05:08.000000',37,'31d9b47cd27e4de6a5d38c5b7bf48499'),(55,'eyJhbGciOiJIUzI1NiIsInR5cCI6IkpXVCJ9.eyJ0b2tlbl90eXBlIjoicmVmcmVzaCIsImV4cCI6MTc3NTI2NTM2NywiaWF0IjoxNzc0NjYwNTY3LCJqdGkiOiI4N2Y2N2I3ZmUwNTM0ZjkxODE2OTQ0NDE4OTliNDQxOSIsInVzZXJfaWQiOiIyMiJ9.fTLenOhZyLLHzakA5IhLhFl8-cqdM1WPNfRQmwQAPRA','2026-03-28 01:16:07.876082','2026-04-04 01:16:07.000000',22,'87f67b7fe0534f9181694441899b4419'),(56,'eyJhbGciOiJIUzI1NiIsInR5cCI6IkpXVCJ9.eyJ0b2tlbl90eXBlIjoicmVmcmVzaCIsImV4cCI6MTc3NTI2NTU0OSwiaWF0IjoxNzc0NjYwNzQ5LCJqdGkiOiIxMjFlNWQ4MmE3NmI0ODQwYWVlNTQ1MmMwOTU4MDUzMCIsInVzZXJfaWQiOiIzOCJ9.LbuujKEjn7idvUt_704cKQzbniqIVeHpEYQU7HaXfHM','2026-03-28 01:19:09.119248','2026-04-04 01:19:09.000000',38,'121e5d82a76b4840aee5452c09580530'),(57,'eyJhbGciOiJIUzI1NiIsInR5cCI6IkpXVCJ9.eyJ0b2tlbl90eXBlIjoicmVmcmVzaCIsImV4cCI6MTc3NTI2NTcxMCwiaWF0IjoxNzc0NjYwOTEwLCJqdGkiOiJkMmM1NWU1ZDU2ZjQ0OTZiYWE5OTE1MDNlOWU0MThhYyIsInVzZXJfaWQiOiIyMCJ9.GajQHmK3nRIubNxye99Dkfs6LywtNRmHkEhrMcwFFo0','2026-03-28 01:21:50.234796','2026-04-04 01:21:50.000000',20,'d2c55e5d56f4496baa991503e9e418ac'),(58,'eyJhbGciOiJIUzI1NiIsInR5cCI6IkpXVCJ9.eyJ0b2tlbl90eXBlIjoicmVmcmVzaCIsImV4cCI6MTc3NTI2NTcxMCwiaWF0IjoxNzc0NjYwOTEwLCJqdGkiOiJkOTM0OTljOGJmNTk0YWY0ODE2YzM0M2Y5YWNmNGYzNiIsInVzZXJfaWQiOiIyMCJ9.R6gW8bjERGCReuQBh5KB5BRBGHkkc1dLVb-EorMM82U','2026-03-28 01:21:50.241217','2026-04-04 01:21:50.000000',20,'d93499c8bf594af4816c343f9acf4f36'),(59,'eyJhbGciOiJIUzI1NiIsInR5cCI6IkpXVCJ9.eyJ0b2tlbl90eXBlIjoicmVmcmVzaCIsImV4cCI6MTc3NTI2NTcxNSwiaWF0IjoxNzc0NjYwOTE1LCJqdGkiOiJhMDc4MWYzZmIxNmQ0YTU0ODEwODAxM2FlOWY2YzUyMyIsInVzZXJfaWQiOiIzOCJ9.hiSucv1xuLc9YNS2HievTi_soXYEw124DbBCAXKGs3I','2026-03-28 01:21:55.402950','2026-04-04 01:21:55.000000',38,'a0781f3fb16d4a548108013ae9f6c523'),(60,'eyJhbGciOiJIUzI1NiIsInR5cCI6IkpXVCJ9.eyJ0b2tlbl90eXBlIjoicmVmcmVzaCIsImV4cCI6MTc3NTI2NTc2NiwiaWF0IjoxNzc0NjYwOTY2LCJqdGkiOiIwYmJlZWRhYWMwMzk0MmQ2YTZiMDQ0MGJjZWQyMjY0MiIsInVzZXJfaWQiOiIzOCJ9.sZpQFYvdo_Ma5fXPZQHjApbVYP5MRiqd1TNmR0NfWpo','2026-03-28 01:22:46.054057','2026-04-04 01:22:46.000000',38,'0bbeedaac03942d6a6b0440bced22642'),(61,'eyJhbGciOiJIUzI1NiIsInR5cCI6IkpXVCJ9.eyJ0b2tlbl90eXBlIjoicmVmcmVzaCIsImV4cCI6MTc3NTI2NTc2OCwiaWF0IjoxNzc0NjYwOTY4LCJqdGkiOiI3YTE4NWJjODFkNzI0ZDA3OTI3MGQwMjRjMjAxZmZiOCIsInVzZXJfaWQiOiIyMCJ9.oXDmkFfsPxufLsaeg2vfAGI4UFB63MUWnc1-VMfA32M','2026-03-28 01:22:48.979980','2026-04-04 01:22:48.000000',20,'7a185bc81d724d079270d024c201ffb8'),(62,'eyJhbGciOiJIUzI1NiIsInR5cCI6IkpXVCJ9.eyJ0b2tlbl90eXBlIjoicmVmcmVzaCIsImV4cCI6MTc3NTI2NTgwMCwiaWF0IjoxNzc0NjYxMDAwLCJqdGkiOiI2ODdjNjVjM2Y0MGM0M2RlYTdkMDMxODA5MmYxMzFmOCIsInVzZXJfaWQiOiIyMSJ9.Y0pftaLHMlaK2Da6YzE-afJ4N0kUIPNtYenyyRAVO5E','2026-03-28 01:23:20.840323','2026-04-04 01:23:20.000000',21,'687c65c3f40c43dea7d0318092f131f8'),(63,'eyJhbGciOiJIUzI1NiIsInR5cCI6IkpXVCJ9.eyJ0b2tlbl90eXBlIjoicmVmcmVzaCIsImV4cCI6MTc3NTI2NTgwMCwiaWF0IjoxNzc0NjYxMDAwLCJqdGkiOiIwNzUxOTU1MDQ2YWQ0MmJhOWM1N2UyMTAyMWMxODFmZSIsInVzZXJfaWQiOiIyMSJ9.CXdEJu3DpzWLTENZrHfRd41eekdfPS59xzHb9M0ORAo','2026-03-28 01:23:20.844884','2026-04-04 01:23:20.000000',21,'0751955046ad42ba9c57e21021c181fe'),(64,'eyJhbGciOiJIUzI1NiIsInR5cCI6IkpXVCJ9.eyJ0b2tlbl90eXBlIjoicmVmcmVzaCIsImV4cCI6MTc3NTI2NTgyMSwiaWF0IjoxNzc0NjYxMDIxLCJqdGkiOiI5MTE4NjM2ODUyZTg0ZjQ1YTEzY2U4YmE3NjA1NTk2MiIsInVzZXJfaWQiOiIyMCJ9.nWB16BGs3gUHu-AMR-nrCpf2qlnT4zkaImb3lTEl5sg','2026-03-28 01:23:41.373047','2026-04-04 01:23:41.000000',20,'9118636852e84f45a13ce8ba76055962'),(65,'eyJhbGciOiJIUzI1NiIsInR5cCI6IkpXVCJ9.eyJ0b2tlbl90eXBlIjoicmVmcmVzaCIsImV4cCI6MTc3NTI2NTk5MCwiaWF0IjoxNzc0NjYxMTkwLCJqdGkiOiI3YzZiYTg5MmZiODI0YjdhYWU0YzBkMGRiZTZjYTMxMyIsInVzZXJfaWQiOiIyNyJ9.fXVPDdSEnyXVt-kXB4hSgppvyxaan_fyDGGLTCdyFxo','2026-03-28 01:26:30.323092','2026-04-04 01:26:30.000000',27,'7c6ba892fb824b7aae4c0d0dbe6ca313'),(66,'eyJhbGciOiJIUzI1NiIsInR5cCI6IkpXVCJ9.eyJ0b2tlbl90eXBlIjoicmVmcmVzaCIsImV4cCI6MTc3NTI2NjA1MiwiaWF0IjoxNzc0NjYxMjUyLCJqdGkiOiJkNGYyNTdjYmY2OGY0ZGExYjZlMDA1MzhmMzVlYmJjOCIsInVzZXJfaWQiOiIzOSJ9.siUS8tV2GuRyufP40S5AmU74rKYmzONrZmmUDM3mp6k','2026-03-28 01:27:32.030541','2026-04-04 01:27:32.000000',39,'d4f257cbf68f4da1b6e00538f35ebbc8'),(67,'eyJhbGciOiJIUzI1NiIsInR5cCI6IkpXVCJ9.eyJ0b2tlbl90eXBlIjoicmVmcmVzaCIsImV4cCI6MTc3NTI2NjA3OSwiaWF0IjoxNzc0NjYxMjc5LCJqdGkiOiIyOWVhODU3YjNjMGU0N2I0ODM4NmViNjAyMmYyMmIyNyIsInVzZXJfaWQiOiI0MCJ9.TMgGIZ4kre7TZUluqP_cPp4VTm_I9z-831lAmzeglq4','2026-03-28 01:27:59.956359','2026-04-04 01:27:59.000000',40,'29ea857b3c0e47b48386eb6022f22b27'),(68,'eyJhbGciOiJIUzI1NiIsInR5cCI6IkpXVCJ9.eyJ0b2tlbl90eXBlIjoicmVmcmVzaCIsImV4cCI6MTc3NTI2NjA3OSwiaWF0IjoxNzc0NjYxMjc5LCJqdGkiOiI5YTFiYTkwZDFmYzc0Y2NkOWY1YzBkYWZmNDE4MzIwYyIsInVzZXJfaWQiOiI0MSJ9.NokrxnYDCoskXcp-6cm95z_rBeLLk9H9Hgsjm_NuA6E','2026-03-28 01:27:59.965336','2026-04-04 01:27:59.000000',41,'9a1ba90d1fc74ccd9f5c0daff418320c'),(69,'eyJhbGciOiJIUzI1NiIsInR5cCI6IkpXVCJ9.eyJ0b2tlbl90eXBlIjoicmVmcmVzaCIsImV4cCI6MTc3NTI2NjA5OSwiaWF0IjoxNzc0NjYxMjk5LCJqdGkiOiI1Y2NhYTJlYjlkZTI0OTIyYTY2Y2U2YzVhZTgxNzVhMCIsInVzZXJfaWQiOiIyMCJ9.po-a5LrDWlyrxgcex9GR-fWlkecXHyBtEFX2Tqt7dGI','2026-03-28 01:28:19.556815','2026-04-04 01:28:19.000000',20,'5ccaa2eb9de24922a66ce6c5ae8175a0'),(70,'eyJhbGciOiJIUzI1NiIsInR5cCI6IkpXVCJ9.eyJ0b2tlbl90eXBlIjoicmVmcmVzaCIsImV4cCI6MTc3NTI2NjE5NSwiaWF0IjoxNzc0NjYxMzk1LCJqdGkiOiJjMTNjZjM4OWZiYjc0MGMwOTBjMWVhMzljNGMxNWNhOCIsInVzZXJfaWQiOiI0MiJ9.EvkRmIqgDsM35fQ8xj7-IxCqLsexiGgzP0dYIOd6cU0','2026-03-28 01:29:55.110182','2026-04-04 01:29:55.000000',42,'c13cf389fbb740c090c1ea39c4c15ca8'),(71,'eyJhbGciOiJIUzI1NiIsInR5cCI6IkpXVCJ9.eyJ0b2tlbl90eXBlIjoicmVmcmVzaCIsImV4cCI6MTc3NTI2NjYxMywiaWF0IjoxNzc0NjYxODEzLCJqdGkiOiI3ZTQ0ZmQ3MjU0ZDM0ZmRhYWFhYzAxZTU2YjNlMjVjZCIsInVzZXJfaWQiOiI0MyJ9.sgtDX3QlpRpWqheMeVHufBM0KXJ2dhTbcbgBgdfNUIc','2026-03-28 01:36:53.516183','2026-04-04 01:36:53.000000',43,'7e44fd7254d34fdaaaac01e56b3e25cd'),(72,'eyJhbGciOiJIUzI1NiIsInR5cCI6IkpXVCJ9.eyJ0b2tlbl90eXBlIjoicmVmcmVzaCIsImV4cCI6MTc3NTI2NjYxMywiaWF0IjoxNzc0NjYxODEzLCJqdGkiOiI5NjNkNzcyYWNkOWI0MTA3YjRhN2NmZDZkM2ZkMWUxMSIsInVzZXJfaWQiOiI0NCJ9.Xo17307TQ3SNXae4LMYWDT1bofyklx8bWJOhHzDmCUE','2026-03-28 01:36:53.522221','2026-04-04 01:36:53.000000',44,'963d772acd9b4107b4a7cfd6d3fd1e11'),(73,'eyJhbGciOiJIUzI1NiIsInR5cCI6IkpXVCJ9.eyJ0b2tlbl90eXBlIjoicmVmcmVzaCIsImV4cCI6MTc3NTI2NjYxNCwiaWF0IjoxNzc0NjYxODE0LCJqdGkiOiJmMWFjOTNhY2QxNTk0MzYxODUxZWM0YzlmZTQ3Njk3MyIsInVzZXJfaWQiOiI0NSJ9.dTsAShadgaxDofglwutXW1ZeoMaahJMILSSsLY80S7A','2026-03-28 01:36:54.289390','2026-04-04 01:36:54.000000',45,'f1ac93acd1594361851ec4c9fe476973'),(74,'eyJhbGciOiJIUzI1NiIsInR5cCI6IkpXVCJ9.eyJ0b2tlbl90eXBlIjoicmVmcmVzaCIsImV4cCI6MTc3NTI2NjYyOSwiaWF0IjoxNzc0NjYxODI5LCJqdGkiOiI1ODRiMDhkNTVlNDg0MWUxYTAxZDc5MWEyZmU1MjZiZSIsInVzZXJfaWQiOiIyMCJ9.4g8ACjnO4nY7UhqyuoKY8DAAGLkKUrdazTFy2t_IIgE','2026-03-28 01:37:09.626148','2026-04-04 01:37:09.000000',20,'584b08d55e4841e1a01d791a2fe526be'),(75,'eyJhbGciOiJIUzI1NiIsInR5cCI6IkpXVCJ9.eyJ0b2tlbl90eXBlIjoicmVmcmVzaCIsImV4cCI6MTc3NTI2NjY2NSwiaWF0IjoxNzc0NjYxODY1LCJqdGkiOiIzMTM5OTgzODFjMDI0NzZiYTc5NWExNWU1OGEyNzk3MyIsInVzZXJfaWQiOiI0NiJ9.oYrC0AgQVV9aIlPNn5AXAql5SaIE8oHgJHIKvRs5ctM','2026-03-28 01:37:45.280199','2026-04-04 01:37:45.000000',46,'313998381c02476ba795a15e58a27973'),(76,'eyJhbGciOiJIUzI1NiIsInR5cCI6IkpXVCJ9.eyJ0b2tlbl90eXBlIjoicmVmcmVzaCIsImV4cCI6MTc3NTI2Njc1NiwiaWF0IjoxNzc0NjYxOTU2LCJqdGkiOiIyMzBkZmIzMGU3NGY0YzU2YTY2YmQ2YmQ2MzVmNGYzOSIsInVzZXJfaWQiOiI0MyJ9.CJhjuTBf0wtd99tptEOU79vHbPKfZlxiqmMK0Cb7Quw','2026-03-28 01:39:16.117467','2026-04-04 01:39:16.000000',43,'230dfb30e74f4c56a66bd6bd635f4f39'),(77,'eyJhbGciOiJIUzI1NiIsInR5cCI6IkpXVCJ9.eyJ0b2tlbl90eXBlIjoicmVmcmVzaCIsImV4cCI6MTc3NTI2Njc1NiwiaWF0IjoxNzc0NjYxOTU2LCJqdGkiOiI0ZDZkM2Y1MDk4NzE0ZWEyOTMwNDg4YjhjNGNjMTA0OSIsInVzZXJfaWQiOiI0MyJ9.lQPxmAAkDg4_4zIh1CHIg0KE6Q9UnUMf7dUvrJVKy_I','2026-03-28 01:39:16.120317','2026-04-04 01:39:16.000000',43,'4d6d3f5098714ea2930488b8c4cc1049'),(78,'eyJhbGciOiJIUzI1NiIsInR5cCI6IkpXVCJ9.eyJ0b2tlbl90eXBlIjoicmVmcmVzaCIsImV4cCI6MTc3NTI2Njc3MiwiaWF0IjoxNzc0NjYxOTcyLCJqdGkiOiI1ZTFlMWI1ZDBlNTk0NTQzOGFkYWRkNjc4YWQxMzhhNiIsInVzZXJfaWQiOiIyMCJ9.wpz8yyEpGF6QrmhttcJbJiXM2XDH_iCMkmgTbjuhQj0','2026-03-28 01:39:32.437268','2026-04-04 01:39:32.000000',20,'5e1e1b5d0e5945438adadd678ad138a6'),(79,'eyJhbGciOiJIUzI1NiIsInR5cCI6IkpXVCJ9.eyJ0b2tlbl90eXBlIjoicmVmcmVzaCIsImV4cCI6MTc3NTI2NjgyMSwiaWF0IjoxNzc0NjYyMDIxLCJqdGkiOiI0YTVjMGI3ZDMyYjE0NzE1OWE0ZjFiZjRhYTI5ZDEwOCIsInVzZXJfaWQiOiIyMCJ9.mfIA9lvLIPJ0CLFS-5wRPKafKtTPPagNOPAsnnVQzgQ','2026-03-28 01:40:21.533631','2026-04-04 01:40:21.000000',20,'4a5c0b7d32b147159a4f1bf4aa29d108'),(80,'eyJhbGciOiJIUzI1NiIsInR5cCI6IkpXVCJ9.eyJ0b2tlbl90eXBlIjoicmVmcmVzaCIsImV4cCI6MTc3NzI1NDM1MCwiaWF0IjoxNzc0NjYyMzUwLCJqdGkiOiJkMzFkMWI1ODM1NzA0MWI3YTRjYmQxODNiYTM4ZmZjOSIsInVzZXJfaWQiOiI0NyJ9.d9Om6doFZ7lbTOze89y7t1sRghze4Bz7RhER_ZZ9KtA','2026-03-28 01:45:50.107706','2026-04-27 01:45:50.000000',47,'d31d1b58357041b7a4cbd183ba38ffc9'),(81,'eyJhbGciOiJIUzI1NiIsInR5cCI6IkpXVCJ9.eyJ0b2tlbl90eXBlIjoicmVmcmVzaCIsImV4cCI6MTc3NzI1NDM1MCwiaWF0IjoxNzc0NjYyMzUwLCJqdGkiOiIxMjlmZTIzNTc3ODM0YjQzYWI1NzJiOGE5MDJlNmYzMyIsInVzZXJfaWQiOiI0OCJ9.N8NMXWqPipgqiQW-hP0OpweoybGre7mlOqsVtUI2l3g','2026-03-28 01:45:50.111217','2026-04-27 01:45:50.000000',48,'129fe23577834b43ab572b8a902e6f33'),(82,'eyJhbGciOiJIUzI1NiIsInR5cCI6IkpXVCJ9.eyJ0b2tlbl90eXBlIjoicmVmcmVzaCIsImV4cCI6MTc3NzI1NDM5MSwiaWF0IjoxNzc0NjYyMzkxLCJqdGkiOiJhMDVhMTU1YWM5Nzc0YjIwYWIzZGY0Y2I4ZmY1NDA0YiIsInVzZXJfaWQiOiIyMCJ9.8NGpIgVO-Ft7E1pwnt2_-z9Me80sJ6RaIdyowPHcyBw','2026-03-28 01:46:31.196985','2026-04-27 01:46:31.000000',20,'a05a155ac9774b20ab3df4cb8ff5404b'),(83,'eyJhbGciOiJIUzI1NiIsInR5cCI6IkpXVCJ9.eyJ0b2tlbl90eXBlIjoicmVmcmVzaCIsImV4cCI6MTc3NzI1NDQ3OCwiaWF0IjoxNzc0NjYyNDc4LCJqdGkiOiIyNjg0NzVhZGRmM2M0ZDYyYWY3MDBhYmEwZmY0Njk1MSIsInVzZXJfaWQiOiI1In0.28RMKiqi4tIAsZ0-yjdh4S_2OSGMKGG6Eo0FLKy108g','2026-03-28 01:47:58.159417','2026-04-27 01:47:58.000000',5,'268475addf3c4d62af700aba0ff46951'),(84,'eyJhbGciOiJIUzI1NiIsInR5cCI6IkpXVCJ9.eyJ0b2tlbl90eXBlIjoicmVmcmVzaCIsImV4cCI6MTc3NzI1NDU1MCwiaWF0IjoxNzc0NjYyNTUwLCJqdGkiOiIzZDRmYjk3OTIwZjU0NDFkOWU2ZWJmMzZmMGRiMWUxMSIsInVzZXJfaWQiOiI0OSJ9.-BCVzX4lKLNM5r9KREZFdPXgFHQAdQCNa9y-HE9aXpQ','2026-03-28 01:49:10.201604','2026-04-27 01:49:10.000000',49,'3d4fb97920f5441d9e6ebf36f0db1e11'),(85,'eyJhbGciOiJIUzI1NiIsInR5cCI6IkpXVCJ9.eyJ0b2tlbl90eXBlIjoicmVmcmVzaCIsImV4cCI6MTc3NzI1NDg1MywiaWF0IjoxNzc0NjYyODUzLCJqdGkiOiIwZjg3ODFjOTg0MTg0YjM2YTkzNDVhMzM3ZDA0ZTI1ZiIsInVzZXJfaWQiOiI1MCJ9.sSjofqekDW_3XwRsThpYJgxww7qB0fclLVJCD33e9t8','2026-03-28 01:54:13.059050','2026-04-27 01:54:13.000000',50,'0f8781c984184b36a9345a337d04e25f'),(86,'eyJhbGciOiJIUzI1NiIsInR5cCI6IkpXVCJ9.eyJ0b2tlbl90eXBlIjoicmVmcmVzaCIsImV4cCI6MTc3NzI1NTM4MywiaWF0IjoxNzc0NjYzMzgzLCJqdGkiOiI3OGZhNmExZTEyYjc0MjFkYWZjOTI0ODE0NGNmMTk4MyIsInVzZXJfaWQiOiI1MSJ9.Y976rIZJfYU51MirQiNhBGhLISIYnkY4uAVa5zJ72Xg','2026-03-28 02:03:03.061098','2026-04-27 02:03:03.000000',51,'78fa6a1e12b7421dafc9248144cf1983'),(87,'eyJhbGciOiJIUzI1NiIsInR5cCI6IkpXVCJ9.eyJ0b2tlbl90eXBlIjoicmVmcmVzaCIsImV4cCI6MTc3NzI1NTU1NywiaWF0IjoxNzc0NjYzNTU3LCJqdGkiOiJhYzIzOTM2NWRiNjI0ZTVkYjc1ZmNiNzEwNDZmNmI3MCIsInVzZXJfaWQiOiI1MiJ9.RnbbgBlaONTv3oglRrYzWjFF7p7s8JE25Q9iObCVBmg','2026-03-28 02:05:57.531141','2026-04-27 02:05:57.000000',52,'ac239365db624e5db75fcb71046f6b70'),(88,'eyJhbGciOiJIUzI1NiIsInR5cCI6IkpXVCJ9.eyJ0b2tlbl90eXBlIjoicmVmcmVzaCIsImV4cCI6MTc3NzI1NjYxMywiaWF0IjoxNzc0NjY0NjEzLCJqdGkiOiI1NGJhMzYxYzc3ZTY0Njg4OTQwZTI1ZjEyMzJhZGNjMSIsInVzZXJfaWQiOiIzMiJ9.Eeao3gC5Cdccd1PJmyUnTZ0DwisvsOiF3qADF8ZbIW4','2026-03-28 02:23:33.678219','2026-04-27 02:23:33.000000',32,'54ba361c77e64688940e25f1232adcc1'),(89,'eyJhbGciOiJIUzI1NiIsInR5cCI6IkpXVCJ9.eyJ0b2tlbl90eXBlIjoicmVmcmVzaCIsImV4cCI6MTc3NzI1ODYzOCwiaWF0IjoxNzc0NjY2NjM4LCJqdGkiOiJlZDAzNDQ2N2UzYWE0ZmYzODliNDA2ZmE1ZjRkMDY1MyIsInVzZXJfaWQiOiIyMCJ9.VLC4VG8tRqYs3qyUwAUtSlKKcMrgmSke4FCOAjJdxFw','2026-03-28 02:57:18.227585','2026-04-27 02:57:18.000000',20,'ed034467e3aa4ff389b406fa5f4d0653'),(90,'eyJhbGciOiJIUzI1NiIsInR5cCI6IkpXVCJ9.eyJ0b2tlbl90eXBlIjoicmVmcmVzaCIsImV4cCI6MTc3NzI1OTE1NSwiaWF0IjoxNzc0NjY3MTU1LCJqdGkiOiI1Yzk1NjMyNWM2MjI0YmNhYThmMGRmNDNkZWYwZTZjMyIsInVzZXJfaWQiOiIyMCJ9.ztjtl2U5ZX9cu5RauNJQzLF0mmmBmLYhVzcQB3bwhYE','2026-03-28 03:05:55.394313','2026-04-27 03:05:55.000000',20,'5c956325c6224bcaa8f0df43def0e6c3'),(91,'eyJhbGciOiJIUzI1NiIsInR5cCI6IkpXVCJ9.eyJ0b2tlbl90eXBlIjoicmVmcmVzaCIsImV4cCI6MTc3NzI1OTI1OCwiaWF0IjoxNzc0NjY3MjU4LCJqdGkiOiI0NjJjOTM0MDQzNWU0ZjI4OGM3MjBjYTM4Nzc0MjY3NCIsInVzZXJfaWQiOiI1MyJ9.7U5mbRPo_WKPnPyfnl4rvf1ZSkSXr-SWSKZ59jL8rvs','2026-03-28 03:07:38.261886','2026-04-27 03:07:38.000000',53,'462c9340435e4f288c720ca387742674'),(92,'eyJhbGciOiJIUzI1NiIsInR5cCI6IkpXVCJ9.eyJ0b2tlbl90eXBlIjoicmVmcmVzaCIsImV4cCI6MTc3NzI1OTI5MSwiaWF0IjoxNzc0NjY3MjkxLCJqdGkiOiIxOGVhMTA2OGE0YTE0ZTA4OGU0OGE3MGE5ZDJjNGQxNyIsInVzZXJfaWQiOiIyMiJ9.kgdiOqjUMSrsGnkuviSPgAKU-OOuY3_KJEhnHLwLD68','2026-03-28 03:08:11.822681','2026-04-27 03:08:11.000000',22,'18ea1068a4a14e088e48a70a9d2c4d17'),(93,'eyJhbGciOiJIUzI1NiIsInR5cCI6IkpXVCJ9.eyJ0b2tlbl90eXBlIjoicmVmcmVzaCIsImV4cCI6MTc3NzI1OTMxNiwiaWF0IjoxNzc0NjY3MzE2LCJqdGkiOiI4MWEwODJhMmJhMDA0YWZiOThmYjI4MjcyYzQ3YmI1MCIsInVzZXJfaWQiOiIyMCJ9.DU9DFN61g6ZMWKXGepP6CFqxcGe7SFB4qdLObNyvxZQ','2026-03-28 03:08:36.392225','2026-04-27 03:08:36.000000',20,'81a082a2ba004afb98fb28272c47bb50'),(94,'eyJhbGciOiJIUzI1NiIsInR5cCI6IkpXVCJ9.eyJ0b2tlbl90eXBlIjoicmVmcmVzaCIsImV4cCI6MTc3NzI2MTEzNSwiaWF0IjoxNzc0NjY5MTM1LCJqdGkiOiJmM2ZmZDkxYmMzOGU0MGNmYTc4MTFkMGM3ZjJkMDJkZCIsInVzZXJfaWQiOiIyNiJ9.qp8KC6QhFZfNAnDtH4SuYDrtzyp6E61Qf2Jhphpm7_c','2026-03-28 03:38:55.610385','2026-04-27 03:38:55.000000',26,'f3ffd91bc38e40cfa7811d0c7f2d02dd'),(95,'eyJhbGciOiJIUzI1NiIsInR5cCI6IkpXVCJ9.eyJ0b2tlbl90eXBlIjoicmVmcmVzaCIsImV4cCI6MTc3NzI2MjQwMCwiaWF0IjoxNzc0NjcwNDAwLCJqdGkiOiJiMDFkYTA0NDdiODk0YTU2ODJhZDEyOWNmNTRkOTg4ZiIsInVzZXJfaWQiOiI1In0.0AJLUpX3MefR1vZBI2YVJOzqbmjXv-ZAJGGFHEbMKDs','2026-03-28 04:00:00.459696','2026-04-27 04:00:00.000000',5,'b01da0447b894a5682ad129cf54d988f'),(96,'eyJhbGciOiJIUzI1NiIsInR5cCI6IkpXVCJ9.eyJ0b2tlbl90eXBlIjoicmVmcmVzaCIsImV4cCI6MTc3NzI2MjU3MCwiaWF0IjoxNzc0NjcwNTcwLCJqdGkiOiJlNTVlZTE4MmY5ZGI0ZDllOTE2OTgxN2UyNTk3YjlmZSIsInVzZXJfaWQiOiI0OCJ9.ZUauUfWj7q9_xT5Xt-9o9mhLnbIHO8aGagWHdqFyhIc','2026-03-28 04:02:50.332216','2026-04-27 04:02:50.000000',48,'e55ee182f9db4d9e9169817e2597b9fe'),(97,'eyJhbGciOiJIUzI1NiIsInR5cCI6IkpXVCJ9.eyJ0b2tlbl90eXBlIjoicmVmcmVzaCIsImV4cCI6MTc3NzI2MjU3MCwiaWF0IjoxNzc0NjcwNTcwLCJqdGkiOiIxOTA2OThiNjE4ZWY0MmNhOTgyYTNjNTlkODhiMGU1NSIsInVzZXJfaWQiOiI0OCJ9.WJxm4keUWfd8TuiGiN80-VvIWDRja-1mP4bBikCgSiM','2026-03-28 04:02:50.333553','2026-04-27 04:02:50.000000',48,'190698b618ef42ca982a3c59d88b0e55'),(98,'eyJhbGciOiJIUzI1NiIsInR5cCI6IkpXVCJ9.eyJ0b2tlbl90eXBlIjoicmVmcmVzaCIsImV4cCI6MTc3NzI2MjU3MSwiaWF0IjoxNzc0NjcwNTcxLCJqdGkiOiI5MWZkODU2MGIyZTc0ZmRkOGQ3MzBmZjhjMDBkMjdlMCIsInVzZXJfaWQiOiI0OCJ9.OZZngYqyDIojk1gzJnFyh9lo18-3f4u_8ggUkgPEZqU','2026-03-28 04:02:51.166464','2026-04-27 04:02:51.000000',48,'91fd8560b2e74fdd8d730ff8c00d27e0'),(99,'eyJhbGciOiJIUzI1NiIsInR5cCI6IkpXVCJ9.eyJ0b2tlbl90eXBlIjoicmVmcmVzaCIsImV4cCI6MTc3NzI2MjU3MSwiaWF0IjoxNzc0NjcwNTcxLCJqdGkiOiI2YjMwMmNlNGQwY2U0N2MyODgyNDcyODA5ZTU2MWMwZSIsInVzZXJfaWQiOiI0OCJ9.aFSUXrbX6qlNNgb7Yd4qrHQXowBehny0kuUsdtRvK6I','2026-03-28 04:02:51.172708','2026-04-27 04:02:51.000000',48,'6b302ce4d0ce47c2882472809e561c0e'),(100,'eyJhbGciOiJIUzI1NiIsInR5cCI6IkpXVCJ9.eyJ0b2tlbl90eXBlIjoicmVmcmVzaCIsImV4cCI6MTc3NzI2MjU5OCwiaWF0IjoxNzc0NjcwNTk4LCJqdGkiOiJiOTVlNDcyMWY1MWI0NWI0ODFmOTM4YjQ0NWRmNjgwZiIsInVzZXJfaWQiOiI0OCJ9.RPqPleDoXRvqPYiRAt1NBNoZ9hwL4x0YVDanrmwSnho','2026-03-28 04:03:18.326045','2026-04-27 04:03:18.000000',48,'b95e4721f51b45b481f938b445df680f'),(101,'eyJhbGciOiJIUzI1NiIsInR5cCI6IkpXVCJ9.eyJ0b2tlbl90eXBlIjoicmVmcmVzaCIsImV4cCI6MTc3NzI2MjU5OCwiaWF0IjoxNzc0NjcwNTk4LCJqdGkiOiJhZDM5ZDYyNDMyMTU0YWQzOGI3ZGRlYmQyYzllYzcyNyIsInVzZXJfaWQiOiI0OCJ9.dRjQnmjelA83mA4QQIzM0dh2P7K7r9dtD8sgw6QK9so','2026-03-28 04:03:18.329708','2026-04-27 04:03:18.000000',48,'ad39d62432154ad38b7ddebd2c9ec727'),(102,'eyJhbGciOiJIUzI1NiIsInR5cCI6IkpXVCJ9.eyJ0b2tlbl90eXBlIjoicmVmcmVzaCIsImV4cCI6MTc3NzI2MjU5OSwiaWF0IjoxNzc0NjcwNTk5LCJqdGkiOiI2OWM4YmQ2NWQ4NTQ0MjQ4OGZiYmViMzc1ZjI0YzMwZCIsInVzZXJfaWQiOiI0OCJ9.XFzfHVbulVt0C3e6dIREph4E-DsrltIjrcJq91ia_ZU','2026-03-28 04:03:19.569973','2026-04-27 04:03:19.000000',48,'69c8bd65d85442488fbbeb375f24c30d'),(103,'eyJhbGciOiJIUzI1NiIsInR5cCI6IkpXVCJ9.eyJ0b2tlbl90eXBlIjoicmVmcmVzaCIsImV4cCI6MTc3NzI2MjU5OSwiaWF0IjoxNzc0NjcwNTk5LCJqdGkiOiIyY2YzMGUyYjc0Nzk0MzVhYjMzMDdhY2RlYjA2MmMzYyIsInVzZXJfaWQiOiI0OCJ9.1k4ucdjIYhI5mDscDixodpSYCeqDnquoviQJe7Sv38k','2026-03-28 04:03:19.574496','2026-04-27 04:03:19.000000',48,'2cf30e2b7479435ab3307acdeb062c3c'),(104,'eyJhbGciOiJIUzI1NiIsInR5cCI6IkpXVCJ9.eyJ0b2tlbl90eXBlIjoicmVmcmVzaCIsImV4cCI6MTc3NzI2Mjg5NCwiaWF0IjoxNzc0NjcwODk0LCJqdGkiOiI0MjcxNzkxOTlkNzY0YmQ2YTA5ZDY0ZTdkMmZkMzFjZSIsInVzZXJfaWQiOiI1NCJ9.urHUIUk3L5Sr0Ep7PSzwRPwFcViMxPTV4Cxekp0Z7h0','2026-03-28 04:08:14.136336','2026-04-27 04:08:14.000000',54,'427179199d764bd6a09d64e7d2fd31ce'),(105,'eyJhbGciOiJIUzI1NiIsInR5cCI6IkpXVCJ9.eyJ0b2tlbl90eXBlIjoicmVmcmVzaCIsImV4cCI6MTc3NzI2MzU3MSwiaWF0IjoxNzc0NjcxNTcxLCJqdGkiOiJlZWI2YmFjYzZjZGI0MzM2YjRkODFlNzUzMDkzMjIyZCIsInVzZXJfaWQiOiIyMCJ9.50D7bk0cmKjBF8Fk5wB4CJBOr6UwDqLX0XYkZ6xFo8I','2026-03-28 04:19:31.176518','2026-04-27 04:19:31.000000',20,'eeb6bacc6cdb4336b4d81e753093222d');
/*!40000 ALTER TABLE `token_blacklist_outstandingtoken` ENABLE KEYS */;
UNLOCK TABLES;

--
-- Table structure for table `tour_pois`
--

DROP TABLE IF EXISTS `tour_pois`;
/*!40101 SET @saved_cs_client     = @@character_set_client */;
/*!50503 SET character_set_client = utf8mb4 */;
CREATE TABLE `tour_pois` (
  `id` bigint NOT NULL AUTO_INCREMENT,
  `sequence_order` int NOT NULL,
  `status` int NOT NULL,
  `poi_id` bigint NOT NULL,
  `tour_id` bigint NOT NULL,
  PRIMARY KEY (`id`),
  UNIQUE KEY `uniq_tour_sequence_order` (`tour_id`,`sequence_order`),
  UNIQUE KEY `uniq_tour_poi` (`tour_id`,`poi_id`),
  KEY `tour_pois_poi_id_678dc6cb_fk_pois_id` (`poi_id`),
  CONSTRAINT `tour_pois_poi_id_678dc6cb_fk_pois_id` FOREIGN KEY (`poi_id`) REFERENCES `pois` (`id`),
  CONSTRAINT `tour_pois_tour_id_2c118608_fk_tours_id` FOREIGN KEY (`tour_id`) REFERENCES `tours` (`id`)
) ENGINE=InnoDB AUTO_INCREMENT=8 DEFAULT CHARSET=utf8mb4 COLLATE=utf8mb4_0900_ai_ci;
/*!40101 SET character_set_client = @saved_cs_client */;

--
-- Dumping data for table `tour_pois`
--

LOCK TABLES `tour_pois` WRITE;
/*!40000 ALTER TABLE `tour_pois` DISABLE KEYS */;
INSERT INTO `tour_pois` VALUES (1,1,1,8,1),(2,2,1,9,1),(3,3,1,10,1),(4,1,1,11,2),(5,1,1,8,3),(6,2,1,11,3),(7,3,1,14,3);
/*!40000 ALTER TABLE `tour_pois` ENABLE KEYS */;
UNLOCK TABLES;

--
-- Table structure for table `tour_purchases`
--

DROP TABLE IF EXISTS `tour_purchases`;
/*!40101 SET @saved_cs_client     = @@character_set_client */;
/*!50503 SET character_set_client = utf8mb4 */;
CREATE TABLE `tour_purchases` (
  `id` char(32) NOT NULL,
  `purchased_at` datetime(6) NOT NULL,
  `invoice_id` char(32) DEFAULT NULL,
  `tour_id` bigint NOT NULL,
  `user_id` bigint NOT NULL,
  PRIMARY KEY (`id`),
  UNIQUE KEY `uniq_user_tour_purchase` (`user_id`,`tour_id`),
  UNIQUE KEY `invoice_id` (`invoice_id`),
  KEY `tour_purchases_tour_id_7ca9a6dc_fk_tours_id` (`tour_id`),
  CONSTRAINT `tour_purchases_invoice_id_5e695ddb_fk_invoices_id` FOREIGN KEY (`invoice_id`) REFERENCES `invoices` (`id`),
  CONSTRAINT `tour_purchases_tour_id_7ca9a6dc_fk_tours_id` FOREIGN KEY (`tour_id`) REFERENCES `tours` (`id`),
  CONSTRAINT `tour_purchases_user_id_76b288a8_fk_users_id` FOREIGN KEY (`user_id`) REFERENCES `users` (`id`)
) ENGINE=InnoDB DEFAULT CHARSET=utf8mb4 COLLATE=utf8mb4_0900_ai_ci;
/*!40101 SET character_set_client = @saved_cs_client */;

--
-- Dumping data for table `tour_purchases`
--

LOCK TABLES `tour_purchases` WRITE;
/*!40000 ALTER TABLE `tour_purchases` DISABLE KEYS */;
INSERT INTO `tour_purchases` VALUES ('0e3c2aa8f9cc42af827cba024b717da0','2026-03-28 02:37:16.604005','94f802af4ec244ca86314f9fe24f0618',3,20);
/*!40000 ALTER TABLE `tour_purchases` ENABLE KEYS */;
UNLOCK TABLES;

--
-- Table structure for table `tour_reviews`
--

DROP TABLE IF EXISTS `tour_reviews`;
/*!40101 SET @saved_cs_client     = @@character_set_client */;
/*!50503 SET character_set_client = utf8mb4 */;
CREATE TABLE `tour_reviews` (
  `id` bigint NOT NULL AUTO_INCREMENT,
  `rating` int NOT NULL,
  `comment` longtext NOT NULL,
  `created_at` datetime(6) NOT NULL,
  `tour_id` bigint NOT NULL,
  `user_id` bigint NOT NULL,
  PRIMARY KEY (`id`),
  UNIQUE KEY `uniq_tour_user_review` (`tour_id`,`user_id`),
  KEY `tour_reviews_user_id_784650be_fk_users_id` (`user_id`),
  CONSTRAINT `tour_reviews_tour_id_9332dea3_fk_tours_id` FOREIGN KEY (`tour_id`) REFERENCES `tours` (`id`),
  CONSTRAINT `tour_reviews_user_id_784650be_fk_users_id` FOREIGN KEY (`user_id`) REFERENCES `users` (`id`)
) ENGINE=InnoDB AUTO_INCREMENT=4 DEFAULT CHARSET=utf8mb4 COLLATE=utf8mb4_0900_ai_ci;
/*!40101 SET character_set_client = @saved_cs_client */;

--
-- Dumping data for table `tour_reviews`
--

LOCK TABLES `tour_reviews` WRITE;
/*!40000 ALTER TABLE `tour_reviews` DISABLE KEYS */;
INSERT INTO `tour_reviews` VALUES (1,5,'Test review from script at 3','2026-03-27 18:26:45.725738',3,8),(2,5,'','2026-03-27 18:36:59.885183',3,6),(3,5,'','2026-03-28 00:48:27.713689',1,25);
/*!40000 ALTER TABLE `tour_reviews` ENABLE KEYS */;
UNLOCK TABLES;

--
-- Table structure for table `tours`
--

DROP TABLE IF EXISTS `tours`;
/*!40101 SET @saved_cs_client     = @@character_set_client */;
/*!50503 SET character_set_client = utf8mb4 */;
CREATE TABLE `tours` (
  `id` bigint NOT NULL AUTO_INCREMENT,
  `tour_name` varchar(255) NOT NULL,
  `is_suggested` tinyint(1) NOT NULL,
  `status` int NOT NULL,
  `created_by_id` bigint NOT NULL,
  `description` longtext NOT NULL,
  `estimated_duration_min` int DEFAULT NULL,
  `translated_description` json NOT NULL DEFAULT (_utf8mb4'{}'),
  `translated_name` json NOT NULL DEFAULT (_utf8mb4'{}'),
  `is_premium` tinyint(1) NOT NULL,
  `premium_price` bigint unsigned NOT NULL,
  PRIMARY KEY (`id`),
  KEY `tours_created_by_id_bb2db1f6_fk_users_id` (`created_by_id`),
  CONSTRAINT `tours_created_by_id_bb2db1f6_fk_users_id` FOREIGN KEY (`created_by_id`) REFERENCES `users` (`id`),
  CONSTRAINT `tours_chk_1` CHECK ((`premium_price` >= 0))
) ENGINE=InnoDB AUTO_INCREMENT=5 DEFAULT CHARSET=utf8mb4 COLLATE=utf8mb4_0900_ai_ci;
/*!40101 SET character_set_client = @saved_cs_client */;

--
-- Dumping data for table `tours`
--

LOCK TABLES `tours` WRITE;
/*!40000 ALTER TABLE `tours` DISABLE KEYS */;
INSERT INTO `tours` VALUES (1,'Xuyên Đêm Phố Vĩnh Khánh',1,1,3,'Khám phá các hàng quán đêm sầm uất nhất phố Vĩnh Khánh.',90,'{\"en\": \"Explore the busiest night shops on Vinh Khanh street.\", \"ja\": \"ヴィン カイン通りで最も賑わう夜のお店を探索してみましょう。\", \"ko\": \"Vinh Khanh 거리에서 가장 바쁜 야간 상점을 둘러보세요.\", \"zh\": \"探索 Vinh Khanh 街上最繁忙的夜店。\"}','{\"en\": \"Through the Night on Vinh Khanh Street\", \"ja\": \"ヴィン・カイン通りの夜を徹して\", \"ko\": \"Vinh Khanh 거리의 밤을 통해\", \"zh\": \"永庆街的夜晚\"}',0,0),(2,'Văn Hóa Phố Quận 4',1,1,3,'Chùa cổ, gốc cây bồ đề và câu chuyện lịch sử khu dân cư lâu đời nhất Quận 4.',60,'{\"en\": \"Ancient pagoda, Bodhi tree and historical story of the oldest residential area in District 4.\", \"ja\": \"古代の塔、菩提樹、第 4 地区最古の住宅地の歴史物語。\", \"ko\": \"4군에서 가장 오래된 주거 지역에 대한 고대 탑, 보리수 및 역사적 이야기.\", \"zh\": \"第四区最古老住宅区的古塔、菩提树和历史故事。\"}','{\"en\": \"District 4 Street Culture\", \"ja\": \"4 地区ストリート カルチャー\", \"ko\": \"4구역 거리문화\", \"zh\": \"第四区街道文化\"}',0,0),(3,'Ẩm Thực Bình Dân Sài Gòn',0,1,3,'Lang thang và thưởng thức các món ăn bình dân nổi tiếng nhất Sài Gòn.',120,'{\"en\": \"Wander around and enjoy the most famous popular dishes in Saigon.\", \"ja\": \"散策して、サイゴンで最も有名な人気料理をお楽しみください。\", \"ko\": \"사이공에서 가장 유명한 인기 요리를 둘러보며 즐겨보세요.\", \"zh\": \"闲逛并享受西贡最著名的流行菜肴。\"}','{\"en\": \"Saigon Popular Cuisine\", \"ja\": \"サイゴンの人気料理\", \"ko\": \"사이공 인기 요리\", \"zh\": \"西贡流行美食\"}',1,10000000);
/*!40000 ALTER TABLE `tours` ENABLE KEYS */;
UNLOCK TABLES;

--
-- Table structure for table `users`
--

DROP TABLE IF EXISTS `users`;
/*!40101 SET @saved_cs_client     = @@character_set_client */;
/*!50503 SET character_set_client = utf8mb4 */;
CREATE TABLE `users` (
  `id` bigint NOT NULL AUTO_INCREMENT,
  `password` varchar(128) NOT NULL,
  `last_login` datetime(6) DEFAULT NULL,
  `is_superuser` tinyint(1) NOT NULL,
  `username` varchar(150) NOT NULL,
  `first_name` varchar(150) NOT NULL,
  `last_name` varchar(150) NOT NULL,
  `is_staff` tinyint(1) NOT NULL,
  `is_active` tinyint(1) NOT NULL,
  `date_joined` datetime(6) NOT NULL,
  `email` varchar(254) NOT NULL,
  `device_id` varchar(255) NOT NULL,
  `preferred_language` varchar(10) NOT NULL,
  `preferred_voice_region` varchar(50) NOT NULL,
  `phone_number` varchar(20) NOT NULL,
  `status` int NOT NULL,
  PRIMARY KEY (`id`),
  UNIQUE KEY `username` (`username`),
  UNIQUE KEY `email` (`email`)
) ENGINE=InnoDB AUTO_INCREMENT=55 DEFAULT CHARSET=utf8mb4 COLLATE=utf8mb4_0900_ai_ci;
/*!40101 SET character_set_client = @saved_cs_client */;

--
-- Dumping data for table `users`
--

LOCK TABLES `users` WRITE;
/*!40000 ALTER TABLE `users` DISABLE KEYS */;
INSERT INTO `users` VALUES (1,'pbkdf2_sha256$1000000$btrdA0jfeudUKb0VR51THX$cZ3PnB8DmC7evgNlMg60u0So8b/VMVmwfDWd+9D+OPM=','2026-03-28 04:08:49.141758',1,'akira3175','','',1,1,'2026-03-06 15:16:43.372016','akira31758421@gmail.com','','vi','','',1),(2,'pbkdf2_sha256$1000000$cS3PzxdeMmdD2KJE4lpiL1$TS9q25K4ZThzzpCRTeusIdu0M4np7mRpRmHKeGWSbmo=',NULL,0,'e','','',0,1,'2026-03-21 04:55:03.095580','ewanikloen@weoj.xn--c-dym','','vi','','',1),(3,'!EkXFcqI8zkP8Xu8oSjZCQBbJbV6gTmR1pN3Svrfk',NULL,0,'seed_tours','','',0,1,'2026-03-21 05:03:58.671212','seed.tours@bcsd.local','seed-tour-device','vi','mien_nam','',1),(4,'pbkdf2_sha256$1000000$Yu8XLjZZY1u8OFUZ1GQVaf$ayDAZubpGGa2LVdPF4n76NVw7gPa9PfVER3He6sxK/w=',NULL,0,'testpartner_strong','','',0,1,'2026-03-27 15:51:52.048686','testpartner_strong@example.com','','vi','','',1),(5,'pbkdf2_sha256$1000000$PUiAocsf4MbehzbvJFnZ06$CZHtSggc+NxG8Ju/h8AoxrpsruOJJZB5B5wMBvi6ecI=',NULL,0,'akira31758421','','',0,1,'2026-03-27 15:54:21.014225','akira317584210@gmail.com','','vi','','',1),(6,'pbkdf2_sha256$1000000$eNng30sHQw9Azec3vfMttz$VcLXvG9k2Q8YvOFCS6jDMSzsMO0+62Y37jgdKcQKwRQ=',NULL,0,'guest_cbb653d4','','',0,1,'2026-03-27 18:20:06.471085','guest_cbb653d4_2739@guest.bcsd.local','a6356977-87e5-4ea6-b1dc-8739b74c2739','vi','','',1),(7,'pbkdf2_sha256$1000000$bw62mUi3pf0HWbQR6qadde$PHXJxiqLitRocKbf3sEnoYkzwCVB++IGh0EiLtbzmoQ=',NULL,0,'guest_ab2c1a24','','',0,1,'2026-03-27 18:20:06.471591','guest_ab2c1a24_2739@guest.bcsd.local','a6356977-87e5-4ea6-b1dc-8739b74c2739','vi','','',1),(8,'pbkdf2_sha256$1000000$7uJgiMXa5nPcgYvsF1Gg17$55sBnIrL84Mh7UFuRA9elkQzp3s7mpEco3qL8OgcptA=',NULL,0,'guest_90c12f78','','',0,1,'2026-03-27 18:26:41.158543','guest_90c12f78__123@guest.bcsd.local','test_device_123','vi','','',1),(9,'pbkdf2_sha256$1000000$ajOIbZqOx4UC0u5rKsP5vJ$j/TfqaOR4JcHnRDAd7wpIrvmYmz0bWRXsNjbWoGATHQ=',NULL,0,'guest_25728baf','','',0,1,'2026-03-27 20:04:30.557480','guest_25728baf_1b24@guest.bcsd.local','db1eaa95-616f-45a7-9bf9-ab5c12c01b24','vi','','',1),(10,'pbkdf2_sha256$1000000$Jbnl0kVmEvOY4MzFtssr5r$6uu5v2Vedpu1liNBKpcI/uwpwEFiboa2LqnKly+b2bo=',NULL,0,'guest_570272a7','','',0,1,'2026-03-27 20:04:30.553962','guest_570272a7_1b24@guest.bcsd.local','db1eaa95-616f-45a7-9bf9-ab5c12c01b24','vi','','',1),(11,'pbkdf2_sha256$1000000$CCcAqApd17JNwOC2HDYngN$n68NM6T2xYGgThuz6mob1piPrFBbODzXx1cw41Tyk7c=',NULL,0,'guest_5b68bd5c','','',0,1,'2026-03-27 20:17:40.239882','guest_5b68bd5c_98dd@guest.bcsd.local','29620394-df8c-4127-8ae6-86b0f0f198dd','vi','','',1),(12,'pbkdf2_sha256$1000000$NSGkJxnMwtcsKkv4Iowrkb$S46wfIDNtL2vS7ggIQiNc9ZFK3h2Bz4ZjPpJA5RxWyE=',NULL,0,'guest_26886ba6','','',0,1,'2026-03-27 20:17:40.241496','guest_26886ba6_98dd@guest.bcsd.local','29620394-df8c-4127-8ae6-86b0f0f198dd','vi','','',1),(13,'pbkdf2_sha256$1000000$iahwuTgmCPNU82P2zK7KA4$4uCviTKi4vRstqs43B2YtzwpRopihBHJDu/KXcP9DCc=',NULL,0,'guest_875b4710','','',0,1,'2026-03-27 20:28:56.217106','guest_875b4710_f19b@guest.bcsd.local','8d759122-dfa4-4308-9b5c-d56b091df19b','vi','','',1),(14,'pbkdf2_sha256$1000000$6PCS000CLKYPIh8CS8buCU$NpgZw8HSjGLW/rY0ksjhYDb50j/SMtAmil2Nztzj/6c=',NULL,0,'guest_4c01aeb7','','',0,1,'2026-03-27 20:28:56.238330','guest_4c01aeb7_f19b@guest.bcsd.local','8d759122-dfa4-4308-9b5c-d56b091df19b','vi','','',1),(15,'pbkdf2_sha256$1000000$sYrzrbbCTLvcElESkeomnK$bYf+Q5Yu+x+sSfTju0Eunx+NkXr5oP5aggmbhjtAZWo=',NULL,0,'guest_ae6c4a50','','',0,1,'2026-03-27 20:38:55.083978','guest_ae6c4a50_3956@guest.bcsd.local','b4cd3463-cf7c-40a8-8aa4-e245fd063956','vi','','',1),(16,'pbkdf2_sha256$1000000$oJkMmKTaAfff3iSO4BkIdO$Ur0AhUHGnWRHiH92QfPBqrcq3Z+j7CiES5x0CNIrEtQ=',NULL,0,'guest_a521210e','','',0,1,'2026-03-27 20:38:55.085493','dev@gmail.com','b4cd3463-cf7c-40a8-8aa4-e245fd063956','vi','','',1),(17,'pbkdf2_sha256$1000000$kRNRnDrbRWgb7LNEjnYzh0$M6fDNSeRv/QBTurA3RH2i+F7WmeXpF2BxS0Dp85Y8Qw=',NULL,0,'dev123','','',0,1,'2026-03-27 22:23:27.210452','dev123@gmail.com','','vi','','',1),(18,'pbkdf2_sha256$1000000$K3duer9KmhS2KlpuWUgWLl$9IN3OOckK/a8jz0rfAhSVdUT5Q39iUtrHQLu7iUWrCA=',NULL,0,'guest_a28a7341','','',0,1,'2026-03-27 23:26:10.603967','guest_a28a7341_55d6@guest.bcsd.local','98d9b357-ceab-45aa-88ce-011acdac55d6','vi','','',1),(19,'pbkdf2_sha256$1000000$6ZDhODa8ntw7RNH5AZKJTZ$oeA/YQkF1/k2wJ6Wn43brEP+g3VTjT0wWif9m7xUn0k=',NULL,0,'guest_67e3d7c6','','',0,1,'2026-03-27 23:26:10.620547','guest_67e3d7c6_55d6@guest.bcsd.local','98d9b357-ceab-45aa-88ce-011acdac55d6','vi','','',1),(20,'pbkdf2_sha256$1000000$tsR4GaI3yBGyThPnEjmuoY$CRxF3Wmt8jNVF8ODwHfAzFa8LLFOW2GXwYmEQvDoHIk=',NULL,0,'guest_734f7bae','','',0,1,'2026-03-27 23:34:08.396806','truong3175@gmail.com','ea9973d8-3077-413a-92ee-ed28b7e30c32','vi','','',1),(21,'pbkdf2_sha256$1000000$bON4PD8WsHgm2jTiTBFfxL$LHFWlLUvoDD8huBKSnjkSxDIMgSJHITln4Ai5jeMwyY=',NULL,0,'guest_979437c8','','',0,1,'2026-03-27 23:34:08.394302','guest_979437c8_0c32@guest.bcsd.local','ea9973d8-3077-413a-92ee-ed28b7e30c32','vi','','',1),(22,'pbkdf2_sha256$1000000$xN2ln6D6IrpWmuYHQfvKfo$CfUTZKhumNrl6qXId0jV2Ucf0mekIVINQF9r/eqgS6I=',NULL,0,'guest_a8cc728f','','',0,1,'2026-03-28 00:43:08.172583','guest_a8cc728f_c4f1@guest.bcsd.local','4d8943b2-4b6f-41a3-8a7c-b087228dc4f1','vi','','',1),(23,'pbkdf2_sha256$1000000$rcUS0jtMVdVT9D2RsMW7GB$OPvC7XVcd8RD/p43vjMhc2DwICQfMmMvWvZ9GrmCd1I=',NULL,0,'guest_90a227db','','',0,1,'2026-03-28 00:46:28.876904','guest_90a227db_6685@guest.bcsd.local','97c48ff5-82b7-4785-beb4-5a4a848a6685','vi','','',1),(24,'pbkdf2_sha256$1000000$stz9P6iDsaZKf27dPAPIlt$Sr2qoshrML2mw58YczeXdrVPG64SwK6o24rZ2SUfwM4=',NULL,0,'guest_dbb45439','','',0,1,'2026-03-28 00:47:17.232716','guest_dbb45439_35b5@guest.bcsd.local','4f97d9ff-b137-4260-bf5b-c643ad3635b5','vi','','',1),(25,'pbkdf2_sha256$1000000$DsOQFN44yipGTgho9CrWOV$volnCH60hBuRx3BqVrgbn0G73eX5kVdsm/wTdTuGMl8=',NULL,0,'guest_5813bcd2','','',0,1,'2026-03-28 00:47:17.777095','truonggiahao24@gmail.com','e2bbb1f1-81cf-486e-b7f5-f47f7a25a36e','vi','','',1),(26,'pbkdf2_sha256$1000000$B8F2lE4JIskyRfUthKPtuL$2Ng28Ki4kjqoW8kAObk5sguoETP/r89bWELUau4lCZE=',NULL,0,'guest_18bbccff','','',0,1,'2026-03-28 00:47:34.185437','guest_18bbccff_a6c1@guest.bcsd.local','764ba3b4-e809-4a9d-a95e-fc253d09a6c1','vi','','',1),(27,'pbkdf2_sha256$1000000$O7NJqFFW9AJM2Ml61WphCP$Vkl75Ena29NI0Wo2Flk3/KaVsX6wfa3eXSTzNvPhEf8=',NULL,0,'guest_9696fc10','','',0,1,'2026-03-28 00:47:38.142327','guest_9696fc10_74de@guest.bcsd.local','1052ed34-f684-44cb-a277-b0b474eb74de','vi','','',1),(28,'pbkdf2_sha256$1000000$S51CCYg0TdO6NxBzmnZTaq$cbRh3wi2JRIapS5A3fVl5KOIT7lK/qKFk6IYS2sWHjw=',NULL,0,'guest_4dc564a2','','',0,1,'2026-03-28 00:49:50.006281','guest_4dc564a2_bf3d@guest.bcsd.local','63947f26-827c-4c26-9160-35dba752bf3d','vi','','',1),(29,'pbkdf2_sha256$1000000$ar7cfhCy4ztkNc79d5wxpz$u3Ke+q08SI6KCTU3wbfhEXRqc9PWqlX3K+HBFSQSVq8=',NULL,0,'guest_4de824dd','','',0,1,'2026-03-28 00:52:24.338477','guest_4de824dd_3eb4@guest.bcsd.local','e4b065f1-55f8-487f-a26c-82915f303eb4','vi','','',1),(30,'pbkdf2_sha256$1000000$LB1TKHq2QI2l78CnrWUFp3$BkmYA7f7pSUzFNI5cDRIGFeU689FsgBfgmLvj501Bqk=',NULL,0,'guest_745ce08a','','',0,1,'2026-03-28 00:52:34.052197','guest_745ce08a_fc4f@guest.bcsd.local','fa12b0dc-0feb-4636-bad1-6e02555afc4f','vi','','',1),(31,'pbkdf2_sha256$1000000$E1R1GgXgqcUovv9DQqX4nF$ZkI9yqzO1Fb3tlQ4EFx3dxWZu7zoZcoCF4Z2nz/N/Hs=',NULL,0,'guest_b4be7f97','','',0,1,'2026-03-28 00:53:48.124163','guest_b4be7f97_d0fe@guest.bcsd.local','f944af4c-e048-4064-8eae-19a6f001d0fe','vi','','',1),(32,'pbkdf2_sha256$1000000$Htv3XJgAdrJiikFBnacKp4$qFjoLQqfIk40MKgt3pRJ3C0FUjqfsw+mmwyLjTTAwzg=',NULL,0,'guest_2761f79c','','',0,1,'2026-03-28 00:56:57.026800','guest_2761f79c_a36e@guest.bcsd.local','e2bbb1f1-81cf-486e-b7f5-f47f7a25a36e','vi','','',1),(33,'pbkdf2_sha256$1000000$Eh3kg82RZga58sIs75yyl9$AR79OuPn+HYExnAj/xSjOpuEYLB06mDgUqTNqXCfhOI=',NULL,0,'guest_cc7b1fac','','',0,1,'2026-03-28 01:01:47.542338','guest_cc7b1fac_30a0@guest.bcsd.local','5e8bfad3-8106-4e74-ba07-a79ded8a30a0','vi','','',1),(34,'pbkdf2_sha256$1000000$99axJmb2l3ypQjkxvdwUdD$PWVSM+wmaonZYeEgtE0BiAfNFRCpnqsMNyBnAaSfVqQ=',NULL,0,'guest_33a9dbfa','','',0,1,'2026-03-28 01:01:58.810416','guest_33a9dbfa_6f98@guest.bcsd.local','ef047027-a549-4939-9b8f-cbb24aea6f98','vi','','',1),(35,'pbkdf2_sha256$1000000$NkbLQKSEtib6kCPMgycvFP$68/Lkj3Wplnk4vf9C5N4vREei1GCWPtgImNqUa2BTk8=',NULL,0,'guest_c9e50717','','',0,1,'2026-03-28 01:05:05.487489','guest_c9e50717_0eb8@guest.bcsd.local','4625e285-9f7a-43d4-a0ce-c8cee4720eb8','vi','','',1),(36,'pbkdf2_sha256$1000000$Lf8i5yY8vGESLJLE2RDABd$G9zCwchO6Qf2/fS23t/uJifHJHC2/tUSZWDMSZ1QEHg=',NULL,0,'guest_a70e613f','','',0,1,'2026-03-28 01:05:07.177861','guest_a70e613f_9811@guest.bcsd.local','c25f38d2-7225-4e56-b149-ea5d4e179811','vi','','',1),(37,'pbkdf2_sha256$1000000$evt77lvljRw1BxeTJrWap1$mCniozBC8TLZbdqiVASXNyA0LDytXksbRfsjbaQXEnA=',NULL,0,'guest_701ec158','','',0,1,'2026-03-28 01:05:08.442134','guest_701ec158_8787@guest.bcsd.local','1f012ab7-b02c-4c5d-a97c-94226e8d8787','vi','','',1),(38,'pbkdf2_sha256$1000000$uUP9qqJ0p6xBEnQdYBMTmY$aYm6QO+jbkNJtfkw1PY07CJqBIc01Il7NpguC/LaCWQ=',NULL,0,'guest_5c5645ba','','',0,1,'2026-03-28 01:19:08.832689','guest_5c5645ba_c36e@guest.bcsd.local','b05d61e3-16fd-41e7-8481-4c33a08cc36e','vi','','',1),(39,'pbkdf2_sha256$1000000$phR5SZIiI1PjB3cnksfE3N$+DKUpPQ/cwZeR8U3lPyMtTs6o9ChEnTMvdtPsk5vgqs=',NULL,0,'guest_69a7debc','','',0,1,'2026-03-28 01:27:31.750911','guest_69a7debc_2d59@guest.bcsd.local','2d883055-513e-4252-b3e6-1409fd8d2d59','vi','','',1),(40,'pbkdf2_sha256$1000000$n9UBepPWAWOYIkHtHMeopc$Ngjhen7eNFCZAuCumhMQEMDt5QOSgclGzIcnq1f5Yog=',NULL,0,'guest_8471f615','','',0,1,'2026-03-28 01:27:59.434562','guest_8471f615_2858@guest.bcsd.local','60d2ff67-c672-46f9-b368-e1cbf4f32858','vi','','',1),(41,'pbkdf2_sha256$1000000$6iHhQ2Ef76MQwYW9Zc91nY$pP9gobmU/q7elqUWEXS8jiQWJx6TKs7DX+GJdu9WWSg=',NULL,0,'guest_0a2d3a9c','','',0,1,'2026-03-28 01:27:59.433553','guest_0a2d3a9c_2858@guest.bcsd.local','60d2ff67-c672-46f9-b368-e1cbf4f32858','vi','','',1),(42,'pbkdf2_sha256$1000000$OR3SIxUB58ji0gu6Jp5xF6$WcdX0hwyZERLEBlVRGfL5kWSYfAJgneUehoaZLAojfw=',NULL,0,'guest_69444657','','',0,1,'2026-03-28 01:29:54.354898','guest_69444657_7164@guest.bcsd.local','0e68511e-693b-4c19-98f3-d1c57e397164','vi','','',1),(43,'pbkdf2_sha256$1000000$fcrBnz365Hcp778oARr6qw$LwSncUJCcFaMAAzt9JHEoAdbyHReMB4QvPgMqiDJxoY=',NULL,0,'guest_c4e968fa','','',0,1,'2026-03-28 01:36:52.852086','guest_c4e968fa_006a@guest.bcsd.local','32db939f-89d2-4754-bfef-0bd199f6006a','vi','','',1),(44,'pbkdf2_sha256$1000000$6T4FOvtyQ3ciCEgVJrjjKv$9TuzUKSrS5Msarah99AdMpmc2aPclN4D16tZA7bt53E=',NULL,0,'guest_d8f22417','','',0,1,'2026-03-28 01:36:52.852086','guest_d8f22417_006a@guest.bcsd.local','32db939f-89d2-4754-bfef-0bd199f6006a','vi','','',1),(45,'pbkdf2_sha256$1000000$6icZ9TEPZ7C1xQ6S0WOh5g$RSlnnf2LavGbIwV5HV90IDM14oElKxwM1F8nBG/CpZg=',NULL,0,'guest_a8b4716f','','',0,1,'2026-03-28 01:36:53.845867','guest_a8b4716f_a1ab@guest.bcsd.local','49700f22-009f-4e47-a58d-1f32b7f4a1ab','vi','','',1),(46,'pbkdf2_sha256$1000000$UXjOC3BupkYQyA4jQi17mL$pivxx4OaKP7ndpTUTmeDVeZ+jJ4YZGueP18hi8nkYtQ=',NULL,0,'guest_8500d7b9','','',0,1,'2026-03-28 01:37:44.982388','guest_8500d7b9_5f1f@guest.bcsd.local','49e7ad03-111a-4dc6-9b07-e681dd835f1f','vi','','',1),(47,'pbkdf2_sha256$1000000$xuwqRRyTZ0qWHc7UuS8gey$p0XB//aS/CN5AEz7BZpalFoZRDakPo5c6vfy0Rtqypk=',NULL,0,'guest_97585177','','',0,1,'2026-03-28 01:45:49.482708','guest_97585177_2722@guest.bcsd.local','d38e99ef-5eca-4b67-a7a3-4ca5afcb2722','vi','','',1),(48,'pbkdf2_sha256$1000000$WgrFCgMjoPNVlAaHyFnyYW$Dh/3AVUU8e7TunLSxadd6BcDcpyPmpp7io4M84+CiuU=',NULL,0,'guest_5313609b','','',0,1,'2026-03-28 01:45:49.488744','guest_5313609b_2722@guest.bcsd.local','d38e99ef-5eca-4b67-a7a3-4ca5afcb2722','vi','','',1),(49,'pbkdf2_sha256$1000000$dDkSJxseJ9lhGNnFFjGXzb$8I8bg17NsDpV4wct2AgMJl8hnMxraxmQT0Zt7cB0KQc=',NULL,0,'guest_95e7a782','','',0,1,'2026-03-28 01:49:09.925201','guest_95e7a782_bb4d@guest.bcsd.local','9e2d1ff2-cc64-4e1f-a6ab-0218fadbbb4d','vi','','',1),(50,'pbkdf2_sha256$1000000$Y7jPRU42dVdOpDR0ZOP0Np$nhErfgIUfM29kIx7iQwpwc5jDOu/aTZGP05pr8lM22o=',NULL,0,'guest_9af80a70','','',0,1,'2026-03-28 01:54:12.740926','guest_9af80a70_28e0@guest.bcsd.local','2384c7a0-52ad-4aa8-a211-9840db5728e0','vi','','',1),(51,'pbkdf2_sha256$1000000$UO0QoQC6fefrWszshnDaiK$RigrKf06tuHWAVR9WO204qOuTs6N4eMgdPO5dk3/SL8=',NULL,0,'guest_f8bb6da7','','',0,1,'2026-03-28 02:03:02.777813','guest_f8bb6da7_df07@guest.bcsd.local','ac4cfe5d-94e7-46f4-95b6-2ef225ccdf07','vi','','',1),(52,'pbkdf2_sha256$1000000$Bu8pPP04j241gmIzI4TGIx$RHXL4nSf+eIiw/84c3Ssunjo75ZojoA1z2P5cI67nHA=',NULL,0,'guest_f8d9bfd7','','',0,1,'2026-03-28 02:05:57.141827','guest_f8d9bfd7_3220@guest.bcsd.local','8df87178-0751-4217-add5-37e54f6c3220','vi','','',1),(53,'pbkdf2_sha256$1000000$UBgf8veqFoDK6GqiViOZ0J$5iLn/thlVAWUKEEZUUqx8BvajxXlvbEnCFmXVok0pLg=',NULL,0,'guest_d95d948f','','',0,1,'2026-03-28 03:07:37.973921','guest_d95d948f_5a46@guest.bcsd.local','8994ce35-cf44-4d54-9ada-cddb5a755a46','vi','','',1),(54,'pbkdf2_sha256$1000000$EBgJkKzbUKaM5I7ifw3lS5$dyWRvyWJhMD5VO+P5OT4lGrFkIAPpBP7hjipLl6+LHQ=',NULL,0,'guest_a7678c27','','',0,1,'2026-03-28 04:08:13.849279','guest_a7678c27_63cc@guest.bcsd.local','042edcde-5278-4834-9779-200d997763cc','vi','','',1);
/*!40000 ALTER TABLE `users` ENABLE KEYS */;
UNLOCK TABLES;

--
-- Table structure for table `users_groups`
--

DROP TABLE IF EXISTS `users_groups`;
/*!40101 SET @saved_cs_client     = @@character_set_client */;
/*!50503 SET character_set_client = utf8mb4 */;
CREATE TABLE `users_groups` (
  `id` bigint NOT NULL AUTO_INCREMENT,
  `user_id` bigint NOT NULL,
  `group_id` int NOT NULL,
  PRIMARY KEY (`id`),
  UNIQUE KEY `users_groups_user_id_group_id_fc7788e8_uniq` (`user_id`,`group_id`),
  KEY `users_groups_group_id_2f3517aa_fk_auth_group_id` (`group_id`),
  CONSTRAINT `users_groups_group_id_2f3517aa_fk_auth_group_id` FOREIGN KEY (`group_id`) REFERENCES `auth_group` (`id`),
  CONSTRAINT `users_groups_user_id_f500bee5_fk_users_id` FOREIGN KEY (`user_id`) REFERENCES `users` (`id`)
) ENGINE=InnoDB AUTO_INCREMENT=4 DEFAULT CHARSET=utf8mb4 COLLATE=utf8mb4_0900_ai_ci;
/*!40101 SET character_set_client = @saved_cs_client */;

--
-- Dumping data for table `users_groups`
--

LOCK TABLES `users_groups` WRITE;
/*!40000 ALTER TABLE `users_groups` DISABLE KEYS */;
INSERT INTO `users_groups` VALUES (1,4,2),(2,5,2),(3,17,2);
/*!40000 ALTER TABLE `users_groups` ENABLE KEYS */;
UNLOCK TABLES;

--
-- Table structure for table `users_user_permissions`
--

DROP TABLE IF EXISTS `users_user_permissions`;
/*!40101 SET @saved_cs_client     = @@character_set_client */;
/*!50503 SET character_set_client = utf8mb4 */;
CREATE TABLE `users_user_permissions` (
  `id` bigint NOT NULL AUTO_INCREMENT,
  `user_id` bigint NOT NULL,
  `permission_id` int NOT NULL,
  PRIMARY KEY (`id`),
  UNIQUE KEY `users_user_permissions_user_id_permission_id_3b86cbdf_uniq` (`user_id`,`permission_id`),
  KEY `users_user_permissio_permission_id_6d08dcd2_fk_auth_perm` (`permission_id`),
  CONSTRAINT `users_user_permissio_permission_id_6d08dcd2_fk_auth_perm` FOREIGN KEY (`permission_id`) REFERENCES `auth_permission` (`id`),
  CONSTRAINT `users_user_permissions_user_id_92473840_fk_users_id` FOREIGN KEY (`user_id`) REFERENCES `users` (`id`)
) ENGINE=InnoDB DEFAULT CHARSET=utf8mb4 COLLATE=utf8mb4_0900_ai_ci;
/*!40101 SET character_set_client = @saved_cs_client */;

--
-- Dumping data for table `users_user_permissions`
--

LOCK TABLES `users_user_permissions` WRITE;
/*!40000 ALTER TABLE `users_user_permissions` DISABLE KEYS */;
/*!40000 ALTER TABLE `users_user_permissions` ENABLE KEYS */;
UNLOCK TABLES;
/*!40103 SET TIME_ZONE=@OLD_TIME_ZONE */;

/*!40101 SET SQL_MODE=@OLD_SQL_MODE */;
/*!40014 SET FOREIGN_KEY_CHECKS=@OLD_FOREIGN_KEY_CHECKS */;
/*!40014 SET UNIQUE_CHECKS=@OLD_UNIQUE_CHECKS */;
/*!40101 SET CHARACTER_SET_CLIENT=@OLD_CHARACTER_SET_CLIENT */;
/*!40101 SET CHARACTER_SET_RESULTS=@OLD_CHARACTER_SET_RESULTS */;
/*!40101 SET COLLATION_CONNECTION=@OLD_COLLATION_CONNECTION */;
/*!40111 SET SQL_NOTES=@OLD_SQL_NOTES */;

-- Dump completed on 2026-04-02 11:05:26
